id;Kanji;Strokes;JLPT-test;"Name of Radical";"Reading within Joyo";"Reading beyond Joyo"
513;月;4;5;"Tsuki, Tsukihen";ゲツ、ガツ、つき;
516;見;7;5;Miru;ケン、み-る、み-える、み-せる;まみ、ら
1031;食;9;5;"Shoku, Shokuhen";ショク、[ジキ]、く-う、く-らう、た-べる;は
270;間;12;5;Mongamae;カン、ケン、あいだ、ま;あ、か、い
1556;読;14;5;"Gon, Gonben";ドク、トク、[トウ]、よ-む;と、ど
1823;母;5;5;"Haha, Hahanokan";ボ、はは;モ
1312;大;3;5;Dai;ダイ、タイ、おお、おお-きい、おお-いに;ダ
1574;南;9;5;Juu;ナン、[ナ]、みなみ;
41;一;1;5;Ichi;イチ、イツ、ひと、ひと-つ;
1577;二;2;5;Ni;ニ、ふた、ふた-つ;ジ
1070;人;2;5;"Hito, Ninben, Hitoyane";ジン、ニン、ひと;
1583;日;4;5;"Nichi, Nichihen";ニチ、ジツ、ひ、か;
1584;入;2;5;Iru;ニュウ、い-る、い-れる、はい-る;ジュ、しお
305;気;6;5;Kigamae;キ、ケ;いき
818;時;10;5;"Nichi, Nichihen";ジ、とき;シ
1081;水;4;5;"Mizu, Sanzui, Shitamizu";スイ、みず;
1593;年;6;5;Ichijuu;ネン、とし;
58;右;5;5;"Kuchi, Kuchihen";ウ、ユウ、みぎ;
61;雨;8;5;"Ame, Amekanmuri";ウ、あめ、[あま];
829;七;2;5;Ichi;シチ、なな、なな-つ、[なの];シツ
576;五;4;5;Ni;ゴ、いつ、いつ-つ;
578;午;4;5;Juu;ゴ;うま
580;後;9;5;Gyooninben;ゴ、コウ、のち、うし-ろ、あと、おく-れる;
1348;男;7;5;"Ta, Tahen";ダン、ナン、おとこ;
584;語;14;5;"Gon, Gonben";ゴ、かた-る、かた-らう;
843;車;7;5;"Kuruma, Kurumahen";シャ、くるま;
2125;六;4;5;Hachi;ロク、む、む-つ、むっ-つ、[むい];リク
2130;話;13;5;"Gon, Gonben";ワ、はな-す、はなし;
1107;生;5;5;Umareru;セイ、ショウ、い-きる、い-かす、い-ける、う-まれる、う-む、お-う、は-える、は-やす、き、なま;な
1875;北;5;5;Hi;ホク、きた;
1876;木;4;5;"Ki, Kihen";ボク、モク、き、[こ];
1109;西;6;5;Nishi;セイ、サイ、にし;
87;円;4;5;Doogamae;エン、まる-い;まど
603;行;6;5;Gyoogamae;コウ、ギョウ、[アン]、い-く、ゆ-く、おこな-う;
1630;白;5;5;Shiro;ハク、ビャク、しろ、[しら]、しろ-い;
1886;本;5;5;"Ki, Kihen";ホン、もと;
1376;中;4;5;Boo;チュウ、[ジュウ]、なか;うち、あ
359;九;2;5;"Otsu, Otsunyoo";キュウ、ク、ここの、ここの-つ;
1895;毎;6;5;"Haha, Hahanokan";マイ;ごと
365;休;6;5;"Hito, Ninben, Hitoyane";キュウ、やす-む、やす-まる、やす-める;
623;校;10;5;"Ki, Kihen";コウ;ギョウ
1647;八;2;5;Hachi;ハチ、や、や-つ、やっ-つ、[よう];ハツ
1906;万;3;5;Ichi;マン、バン;よろず
628;高;10;5;Takai;コウ、たか-い、たか、たか-まる、たか-める;
1397;長;8;5;Nagai;チョウ、なが-い;たけ、おさ、まさ、た
1656;半;5;5;Juu;ハン、なか-ば;
131;下;3;5;Ichi;カ、ゲ、した、しも、もと、さ-げる、さ-がる、くだ-る、くだ-す、くだ-さる、お-ろす、お-りる;
133;火;4;5;"Hi, Hihen, Renga";カ、ひ、[ほ];コ
1926;名;6;5;"Kuchi, Kuchihen";メイ、ミョウ、な;
137;何;7;5;"Hito, Ninben, Hitoyane";カ、なに、[なん];いず
907;十;2;5;Juu;ジュウ、ジッ、とお、と;
1166;千;3;5;Juu;セン、ち;
1167;川;3;5;Magarigawa;セン、かわ;
1170;先;6;5;Hitoashi;セン、さき;ま
661;国;8;5;Kunigamae;コク、くに;
670;今;4;5;"Hito, Ninben, Hitoyane";コン、キン、いま;
926;出;5;5;Ukebako;シュツ、[スイ]、で-る、だ-す;
682;左;5;5;"E, Takumihen";サ、ひだり;
1197;前;9;5;"Katana, Rittoo";ゼン、まえ;セン、さき、ざき
432;金;8;5;"Kane, Kanehen";キン、コン、かね、[かな];こがね
946;書;10;5;Hirabi;ショ、か-く;
1971;友;4;5;Mata;ユウ、とも;ウ
1716;百;6;5;Shiro;ヒャク;もも
952;女;3;5;"Onna, Onnahen";ジョ、ニョ、[ニョウ]、おんな、め;
959;小;3;5;Shoo;ショウ、ちい-さい、こ、お;
1472;天;4;5;Dai;テン、あめ、[あま];
197;外;5;5;Yuube;ガイ、ゲ、そと、ほか、はず-す、はず-れる;ウイ
1738;父;4;5;Chichi;フ、ちち;
1483;電;13;5;"Ame, Amekanmuri";デン;
1493;土;3;5;"Tsuchi, Tsuchihen";ド、ト、つち;ツ
1504;東;8;5;"Ki, Kihen";トウ、ひがし;あずま
226;学;8;5;"Ko, Kohen";ガク、まな-ぶ;
2022;来;7;5;"Ki, Kihen";ライ、く-る、きた-る、きた-す;き、ぎ
744;三;3;5;Ichi;サン、み、み-つ、みっ-つ;
745;山;3;5;"Yama, Yamahen";サン、やま;セン、ゼン
1009;上;3;5;Ichi;ジョウ、[ショウ]、うえ、[うわ]、かみ、あ-げる、あ-がる、のぼ-る、のぼ-せる、のぼ-す;
760;子;3;5;"Ko, Kohen";シ、ス、こ;み、ね
1785;分;4;5;"Katana, Rittoo";ブン、フン、ブ、わ-ける、わ-かれる、わ-かる、わ-かつ;
1787;聞;14;5;"Mimi, Mimihen";ブン、モン、き-く、き-こえる;
767;四;5;5;Kunigamae;シ、よ、よ-つ、よっ-つ、よん;
1536;同;6;4;"Kuchi, Kuchihen";ドウ、おな-じ;
514;犬;4;4;"Inu, Kemonohen";ケン、いぬ;
771;死;6;4;Kabanehen;シ、し-ぬ;
1539;動;11;4;Chikara;ドウ、うご-く、うご-かす;
1540;堂;11;4;"Tsuchi, Tsuchihen";ドウ;
1029;色;6;4;Iro;ショク、シキ、いろ;
1285;多;6;4;Yuube;タ、おお-い;
6;悪;11;4;"Kokoro, Risshinben, Shitagokoro";アク、オ、わる-い;
1542;道;12;4;Shinnyoo;ドウ、[トウ]、みち;い
519;建;9;4;Ennyoo;ケン、[コン]、た-てる、た-つ;
520;研;9;4;"Ishi, Ishihen";ケン、と-ぐ;みが
776;私;7;4;"Nogi, Nogihen";シ、わたくし、わたし;
777;使;8;4;"Hito, Ninben, Hitoyane";シ、つか-う;
2057;旅;10;4;"Hoo, Hoohen";リョ、たび;
779;始;8;4;"Onna, Onnahen";シ、はじ-める、はじ-まる;
12;安;6;4;Ukanmuri;アン、やす-い;
780;姉;8;4;"Onna, Onnahen";シ、あね;
1549;特;10;4;"Ushi, Ushihen";トク;
1805;別;7;4;"Katana, Rittoo";ベツ、わか-れる;
15;以;5;4;"Hito, Ninben, Hitoyane";イ;もち、ゆえ、も
1295;体;7;4;"Hito, Ninben, Hitoyane";タイ、テイ、からだ;
2063;料;10;4;Tomasu;リョウ;
785;思;9;4;"Kokoro, Risshinben, Shitagokoro";シ、おも-う;
1041;心;4;4;"Kokoro, Risshinben, Shitagokoro";シン、こころ;
1297;待;9;4;Gyooninben;タイ、ま-つ;
19;医;7;4;Kakushigamae;イ;
276;漢;13;4;"Mizu, Sanzui, Shitamizu";カン;
790;紙;10;4;"Ito, Itohen";シ、かみ;
1816;勉;10;4;Chikara;ベン;つと
1817;歩;8;4;Tomeru;ホ、ブ、[フ]、ある-く、あゆ-む;
2074;力;2;4;Chikara;リョク、リキ、ちから;つと
1307;貸;12;4;"Kai, Kaihen";タイ、か-す;
285;館;16;4;"Shoku, Shokuhen";カン、やかた;たち、たて、だて
797;試;13;4;"Gon, Gonben";シ、こころ-みる、ため-す;
543;験;18;4;"Uma, Umahen";ケン、[ゲン];しるし
1056;真;10;4;"Me, Mehen";シン、ま;
33;意;13;4;"Kokoro, Risshinben, Shitagokoro";イ;
545;元;4;4;Hitoashi;ゲン、ガン、もと;はじ
1313;代;5;4;"Hito, Ninben, Hitoyane";ダイ、タイ、か-わる、か-える、よ、しろ;
1314;台;5;4;"Kuchi, Kuchihen";ダイ、タイ;うてな
548;言;7;4;"Gon, Gonben";ゲン、ゴン、い-う、こと;
1316;題;18;4;Oogai;ダイ;
1829;方;4;4;"Hoo, Hoohen";ホウ、かた;まさ、あ
807;字;6;4;"Ko, Kohen";ジ、あざ;
1065;新;13;4;"Kin, Onozukuri";シン、あたら-しい、あら-た、にい;
810;耳;6;4;"Mimi, Mimihen";ジ、みみ;
811;自;6;4;Mizukara;ジ、シ、みずか-ら;おのずか、おの、よ
1069;親;16;4;Miru;シン、おや、した-しい、した-しむ;ちか
1581;肉;6;4;"Niku, Nikuzuki";ニク;
814;事;8;4;Haneboo;ジ、[ズ]、こと;シ、つか
559;古;5;4;"Kuchi, Kuchihen";コ、ふる-い、ふる-す;いにしえ
817;持;9;4;Tehen;ジ、も-つ;チ
51;員;10;4;"Kuchi, Kuchihen";イン;
52;院;10;4;Kozatohen;イン;エン
55;飲;12;4;"Shoku, Shokuhen";イン、の-む;
1080;図;7;4;Kunigamae;ズ、ト、はか-る;
317;起;10;4;"Hashiru, Soonyoo";キ、お-きる、お-こる、お-こす;た
320;帰;10;4;"Haba, Kinben";キ、かえ-る、かえ-す;
832;室;9;4;Ukanmuri;シツ、むろ;
66;運;12;4;Shinnyoo;ウン、はこ-ぶ;
70;英;8;4;Kusakanmuri;エイ;はなぶさ、はな
838;質;15;4;"Kai, Kaihen";シツ、シチ、[チ];ただ
71;映;9;4;"Nichi, Nichihen";エイ、うつ-る、うつ-す、は-える;
841;写;5;4;Wakanmuri;シャ、うつ-す、うつ-る;
842;社;7;4;"Shimesu, Shimesuhen";シャ、やしろ;
587;口;3;4;"Kuchi, Kuchihen";コウ、ク、くち;
1355;地;6;4;"Tsuchi, Tsuchihen";チ、ジ;
588;工;3;4;"E, Takumihen";コウ、ク;たくみ
845;者;8;4;Oikanmuri;シャ、もの;
1357;知;8;4;"Ya, Yahen";チ、し-る;
1105;世;5;4;Ichi;セイ、セ、よ;
82;駅;14;4;"Uma, Umahen";エキ;
594;広;5;4;Madare;コウ、ひろ-い、ひろ-まる、ひろ-める、ひろ-がる、ひろ-げる;
1106;正;5;4;Tomeru;セイ、ショウ、ただ-しい、ただ-す、まさ;
1622;売;7;4;Samurai;バイ、う-る、う-れる;マイ、メ
856;借;10;4;"Hito, Ninben, Hitoyane";シャク、か-りる;
602;考;6;4;Oikanmuri;コウ、かんが-える;
1115;青;8;4;"Ao, Aohen";セイ、[ショウ]、あお、あお-い;
1628;買;12;4;"Kai, Kaihen";バイ、か-う;
1373;茶;9;4;Kusakanmuri;チャ、サ;タ
1374;着;12;4;Hitsuji;チャク、[ジャク]、き-る、き-せる、つ-く、つ-ける;
863;手;4;4;Te;シュ、て、[た];ズ
864;主;5;4;Ten;シュ、[ス]、ぬし、おも;あるじ
1383;注;8;4;"Mizu, Sanzui, Shitamizu";チュウ、そそ-ぐ;つ
1384;昼;9;4;"Nichi, Nichihen";チュウ、ひる;
1896;妹;8;4;"Onna, Onnahen";マイ、いもうと;
1649;発;9;4;Hatsugashira;ハツ、ホツ;
370;究;7;4;"Ana, Anakanmuri";キュウ、きわ-める;ク
1138;夕;3;4;Yuube;セキ、ゆう;
372;急;9;4;"Kokoro, Risshinben, Shitagokoro";キュウ、いそ-ぐ;
1396;町;7;4;"Ta, Tahen";チョウ、まち;
1141;赤;7;4;Aka;セキ、[シャク]、あか、あか-い、あか-らむ、あか-らめる;
119;屋;9;4;Shikabane;オク、や;
1911;味;8;4;"Kuchi, Kuchihen";ミ、あじ、あじ-わう;
891;秋;9;4;"Nogi, Nogihen";シュウ、あき;
381;牛;4;4;"Ushi, Ushihen";ギュウ、うし;ゴ
1405;鳥;11;4;Tori;チョウ、とり;
382;去;5;4;Mu;キョ、コ、さ-る;
1406;朝;12;4;"Tsuki, Tsukihen";チョウ、あさ;
127;音;9;4;Oto;オン、イン、おと、ね;
895;終;11;4;"Ito, Itohen";シュウ、お-わる、お-える;つい
897;習;11;4;Hane;シュウ、なら-う;
898;週;11;4;Shinnyoo;シュウ;
1154;切;4;4;"Katana, Rittoo";セツ、[サイ]、き-る、き-れる;
901;集;12;4;Furutori;シュウ、あつ-まる、あつ-める、つど-う;
391;魚;11;4;"Uo, Uohen";ギョ、うお、さかな;
1672;飯;12;4;"Shoku, Shokuhen";ハン、めし;いい
1928;明;8;4;"Nichi, Nichihen";メイ、ミョウ、あ-かり、あか-るい、あか-るむ、あか-らむ、あき-らか、あ-ける、あ-く、あ-くる、あ-かす;ミン
138;花;7;4;Kusakanmuri;カ、はな;ケ、ゲ、あや
398;京;8;4;Nabebuta;キョウ、ケイ;キン
910;住;7;4;"Hito, Ninben, Hitoyane";ジュウ、す-む、す-まう;
912;重;9;4;"Sato, Satohen";ジュウ、チョウ、え、おも-い、かさ-ねる、かさ-なる;
146;夏;10;4;Suinyoo;カ、[ゲ]、なつ;
147;家;10;4;Ukanmuri;カ、ケ、いえ、や;
662;黒;11;4;Kuro;コク、くろ、くろ-い;
1430;通;10;4;Shinnyoo;ツウ、[ツ]、とお-る、とお-す、かよ-う;ドウ
410;強;11;4;"Yumi, Yumihen";キョウ、ゴウ、つよ-い、つよ-まる、つよ-める、し-いる;こわ、ごわ
411;教;11;4;Nobun;キョウ、おし-える、おそ-わる;し
1947;目;5;4;"Me, Mehen";モク、[ボク]、め、[ま];
159;歌;14;4;Akubi;カ、うた、うた-う;
1951;問;11;4;"Kuchi, Kuchihen";モン、と-う、と-い、[とん];
1440;弟;7;4;"Yumi, Yumihen";テイ、[ダイ]、[デ]、おとうと;
1953;夜;8;4;Yuube;ヤ、よ、よる;
930;春;9;4;"Nichi, Nichihen";シュン、はる;
1954;野;11;4;"Sato, Satohen";ヤ、の;
422;業;13;4;"Ki, Kihen";ギョウ、ゴウ、わざ;
167;画;8;4;"Ta, Tahen";ガ、カク;エ、えが
175;会;6;4;"Hito, Ninben, Hitoyane";カイ、エ、あ-う;ケ
431;近;7;4;Shinnyoo;キン、ちか-い;ゴン、コン
1460;的;8;4;Shiro;テキ、まと;
1972;有;6;4;"Tsuki, Tsukihen";ユウ、ウ、あ-る;ま
182;海;9;4;"Mizu, Sanzui, Shitamizu";カイ、うみ;
183;界;9;4;"Ta, Tahen";カイ;さかい
187;開;12;4;Mongamae;カイ、ひら-く、ひら-ける、あ-く、あ-ける;
444;銀;14;4;"Kane, Kanehen";ギン;
1726;病;10;4;Yamaidare;ビョウ、[ヘイ]、や-む、やまい;うれ
961;少;4;4;Shoo;ショウ、すく-ない、すこ-し;
1729;品;9;4;"Kuchi, Kuchihen";ヒン、しな;ホン、ポン、ボン
1474;店;8;4;Madare;テン、みせ;たな、だな
1219;早;6;4;"Nichi, Nichihen";ソウ、[サッ]、はや-い、はや-まる、はや-める;さ
452;空;8;4;"Ana, Anakanmuri";クウ、そら、あ-く、あ-ける、から;むな
1221;走;7;4;"Hashiru, Soonyoo";ソウ、はし-る;
1478;転;11;4;"Kuruma, Kurumahen";テン、ころ-がる、ころ-げる、ころ-がす、ころ-ぶ;うた
1480;田;5;4;"Ta, Tahen";デン、た;かり、がり
1736;不;4;4;Fu;フ、ブ;
1992;用;5;4;Mochiiru;ヨウ、もち-いる;ユウ
1226;送;9;4;Shinnyoo;ソウ、おく-る;
1995;洋;9;4;"Mizu, Sanzui, Shitamizu";ヨウ;
723;作;7;4;"Hito, Ninben, Hitoyane";サク、サ、つく-る;
469;兄;5;4;Hitoashi;ケイ、[キョウ]、あに;
1496;度;9;4;Madare;ド、[ト]、[タク]、たび;わた、た
1499;冬;5;4;Suinyoo;トウ、ふゆ;
2012;曜;18;4;"Nichi, Nichihen";ヨウ;
478;計;9;4;"Gon, Gonben";ケイ、はか-る、はか-らう;ケ、ゲ
228;楽;13;4;"Ki, Kihen";ガク、ラク、たの-しい、たの-しむ;
1764;風;9;4;Kaze;フウ、[フ]、かぜ、[かざ];
1766;服;8;4;"Tsuki, Tsukihen";フク;
1263;足;7;4;"Ashi, Ashihen";ソク、あし、た-りる、た-る、た-す;ス
1777;物;8;4;"Ushi, Ushihen";ブツ、モツ、もの;
1524;答;12;4;"Take, Takekanmuri";トウ、こた-える、こた-え;
2038;理;11;4;"Tama, Oo";リ;
1272;族;11;4;"Hoo, Hoohen";ゾク;
762;止;4;4;Tomeru;シ、と-まる、と-める;や
1786;文;4;4;Bun;ブン、モン、ふみ;あや、もじ
764;仕;5;4;"Hito, Ninben, Hitoyane";シ、[ジ]、つか-える;
1020;場;12;4;"Tsuchi, Tsuchihen";ジョウ、ば;
2045;立;5;4;Tatsu;リツ、[リュウ]、た-つ、た-てる;
768;市;5;3;"Haba, Kinben";シ、いち;か、が
2050;流;10;3;"Mizu, Sanzui, Shitamizu";リュウ、[ル]、なが-れる、なが-す;
515;件;6;3;"Hito, Ninben, Hitoyane";ケン;
1795;閉;11;3;Mongamae;ヘイ、と-じる、と-ざす、し-める、し-まる;
2051;留;10;3;"Ta, Tahen";リュウ、[ル]、と-める、と-まる;
4;愛;13;3;"Kokoro, Risshinben, Shitagokoro";アイ;オ、いと、め
1284;他;5;3;"Hito, Ninben, Hitoyane";タ、ほか;
263;寒;12;3;Ukanmuri;カン、さむ-い;
1287;打;5;3;Tehen;ダ、う-つ;チョウ
1543;働;13;3;"Hito, Ninben, Hitoyane";ドウ、はたら-く;
521;県;9;3;"Me, Mehen";ケン;あがた、か、が
1801;米;6;3;"Kome, Komehen";ベイ、マイ、こめ;よね
1293;太;4;3;Dai;タイ、タ、ふと-い、ふと-る;
2061;両;6;3;Ichi;リョウ;
14;暗;13;3;"Nichi, Nichihen";アン、くら-い;
1038;職;18;3;"Mimi, Mimihen";ショク;
1294;対;7;3;Sun;タイ、ツイ;
1550;得;11;3;Gyooninben;トク、え-る、う-る;
2062;良;7;3;Kon;リョウ、よ-い;ロウ
528;険;11;3;Kozatohen;ケン、けわ-しい;
17;位;7;3;"Hito, Ninben, Hitoyane";イ、くらい;
1809;返;7;3;Shinnyoo;ヘン、かえ-す、かえ-る;
786;指;9;3;Tehen;シ、ゆび、さ-す;
1042;申;5;3;"Ta, Tahen";シン、もう-す;さる
1810;変;9;3;Suinyoo;ヘン、か-わる、か-える;
275;感;13;3;"Kokoro, Risshinben, Shitagokoro";カン;
788;師;10;3;"Haba, Kinben";シ;
1300;退;9;3;Shinnyoo;タイ、しりぞ-く、しりぞ-ける;び
277;慣;14;3;"Kokoro, Risshinben, Shitagokoro";カン、な-れる、な-らす;
1046;身;7;3;Mi;シン、み;
279;関;14;3;Mongamae;カン、せき、かか-わる;
1559;突;8;3;"Ana, Anakanmuri";トツ、つ-く;
1815;便;9;3;"Hito, Ninben, Hitoyane";ベン、ビン、たよ-り;
536;権;15;3;"Ki, Kihen";ケン、[ゴン];
1049;信;9;3;"Hito, Ninben, Hitoyane";シン;の
795;歯;12;3;"Ha, Hahen";シ、は;
1051;神;9;3;"Shimesu, Shimesuhen";シン、ジン、かみ、[かん]、[こう];
1820;捕;10;3;Tehen;ホ、と-らえる、と-らわれる、と-る、つか-まえる、つか-まる;
2076;林;8;3;"Ki, Kihen";リン、はやし;
30;偉;12;3;"Hito, Ninben, Hitoyane";イ、えら-い;
799;資;13;3;"Kai, Kaihen";シ;もと
288;観;18;3;Miru;カン;み
34;違;13;3;Shinnyoo;イ、ちが-う、ちが-える;たが
1058;深;11;3;"Mizu, Sanzui, Shitamizu";シン、ふか-い、ふか-まる、ふか-める;み
1570;内;4;3;"Hito, Ninben, Hitoyane";ナイ、[ダイ]、うち;ノウ、い
1827;暮;14;3;"Nichi, Nichihen";ボ、く-れる、く-らす;
1060;進;11;3;Shinnyoo;シン、すす-む、すす-める;
1061;森;12;3;"Ki, Kihen";シン、もり;
550;限;9;3;Kozatohen;ゲン、かぎ-る;
806;示;5;3;"Shimesu, Shimesuhen";ジ、シ、しめ-す;
1318;宅;6;3;Ukanmuri;タク;
2086;類;18;3;Oogai;ルイ、たぐ-い;
551;原;10;3;Gandare;ゲン、はら;
1063;寝;13;3;Ukanmuri;シン、ね-る、ね-かす;
40;育;8;3;"Niku, Nikuzuki";イク、そだ-つ、そだ-てる、はぐく-む;
552;現;11;3;"Tama, Oo";ゲン、あらわ-れる、あらわ-す;うつつ
1576;難;18;3;Furutori;ナン、かた-い、むずか-しい;ナ
2088;礼;5;3;"Shimesu, Shimesuhen";レイ、ライ;あや
809;次;6;3;Akubi;ジ、シ、つ-ぐ、つぎ;と
2089;冷;7;3;Nisui;レイ、つめ-たい、ひ-える、ひ-や、ひ-やす、ひ-やかす、さ-める、さ-ます;
299;顔;18;3;Oogai;ガン、かお;
1835;抱;8;3;Tehen;ホウ、だ-く、いだ-く、かか-える;
2091;戻;7;3;"To, Tokanmuri";レイ、もど-す、もど-る;
300;願;19;3;Oogai;ガン、ねが-う;
812;似;7;3;"Hito, Ninben, Hitoyane";ジ、に-る;
1836;放;8;3;Nobun;ホウ、はな-す、はな-つ、はな-れる、ほう-る;いた
2092;例;8;3;"Hito, Ninben, Hitoyane";レイ、たと-える;
1837;法;8;3;"Mizu, Sanzui, Shitamizu";ホウ、[ハッ]、[ホッ];のっと、のり
46;引;4;3;"Yumi, Yumihen";イン、ひ-く、ひ-ける;
303;危;6;3;"Fushizukuri, Warifu";キ、あぶ-ない、あや-うい、あや-ぶむ;
48;因;6;3;Kunigamae;イン、よ-る;ちな
560;呼;8;3;"Kuchi, Kuchihen";コ、よ-ぶ;
816;治;8;3;"Mizu, Sanzui, Shitamizu";ジ、チ、おさ-める、おさ-まる、なお-る、なお-す;
1328;達;12;3;Shinnyoo;タツ;ダチ、ダッ
1587;任;6;3;"Hito, Ninben, Hitoyane";ニン、まか-せる、まか-す;
821;辞;13;3;Karai;ジ、や-める;
1845;訪;11;3;"Gon, Gonben";ホウ、おとず-れる、たず-ねる;と
2101;列;6;3;"Katana, Rittoo";レツ;つら
1590;認;14;3;"Gon, Gonben";ニン、みと-める;したた
1846;報;12;3;"Tsuchi, Tsuchihen";ホウ、むく-いる;し
1336;単;9;3;Tsukanmuri;タン;ひとえ
1592;熱;15;3;"Hi, Hihen, Renga";ネツ、あつ-い;
826;式;6;3;Shikigamae;シキ;ショク、のり
1082;吹;7;3;"Kuchi, Kuchihen";スイ、ふ-く;
1594;念;8;3;"Kokoro, Risshinben, Shitagokoro";ネン;
2106;連;10;3;Shinnyoo;レン、つら-なる、つら-ねる、つ-れる;
827;識;19;3;"Gon, Gonben";シキ;
1339;探;11;3;Tehen;タン、さぐ-る、さが-す;
316;記;10;3;"Gon, Gonben";キ、しる-す;
1852;亡;3;3;Nabebuta;ボウ、[モウ]、な-い;ほろ
1341;短;12;3;"Ya, Yahen";タン、みじか-い;
1854;忙;6;3;"Kokoro, Risshinben, Shitagokoro";ボウ、いそが-しい;
831;失;5;3;Dai;シツ、うしな-う;
1600;能;10;3;"Niku, Nikuzuki";ノウ;ノ、あた、よ、た
577;互;4;3;Ni;ゴ、たが-い;
1857;忘;7;3;"Kokoro, Risshinben, Shitagokoro";ボウ、わす-れる;
2113;路;13;3;"Ashi, Ashihen";ロ、じ;ル、みち
322;寄;11;3;Ukanmuri;キ、よ-る、よ-せる;
323;規;11;3;Miru;キ;ぶんまわし、のり、ただ
2115;老;6;3;Oikanmuri;ロウ、お-いる、ふ-ける;
2116;労;7;3;Chikara;ロウ;いたわ、ねぎら
69;泳;8;3;"Mizu, Sanzui, Shitamizu";エイ、およ-ぐ;
325;喜;12;3;"Kuchi, Kuchihen";キ、よろこ-ぶ;
1349;段;9;3;Rumata;ダン;タン
1350;断;11;3;"Kin, Onozukuri";ダン、た-つ、ことわ-る;
839;実;8;3;Ukanmuri;ジツ、み、みの-る;
1607;破;10;3;"Ishi, Ishihen";ハ、やぶ-る、やぶ-れる;わ
328;期;12;3;"Tsuki, Tsukihen";キ、[ゴ];
585;誤;14;3;"Gon, Gonben";ゴ、あやま-る;
1097;数;13;3;Nobun;スウ、[ス]、かず、かぞ-える;ジュ
1353;談;15;3;"Gon, Gonben";ダン;
1609;馬;10;3;"Uma, Umahen";バ、うま、[ま];メ
1865;望;11;3;"Tsuki, Tsukihen";ボウ、モウ、のぞ-む;もち
1356;池;6;3;"Mizu, Sanzui, Shitamizu";チ、いけ;
1613;杯;8;3;"Ki, Kihen";ハイ、さかずき;
78;易;8;3;"Nichi, Nichihen";エキ、イ、やさ-しい;やす
1358;値;10;3;"Hito, Ninben, Hitoyane";チ、ね、あたい;ジ
1614;背;9;3;"Niku, Nikuzuki";ハイ、せ、せい、そむ-く、そむ-ける;
1359;恥;10;3;"Kokoro, Risshinben, Shitagokoro";チ、は-じる、はじ、は-じらう、は-ずかしい;
2128;論;15;3;"Gon, Gonben";ロン;
337;機;16;3;"Ki, Kihen";キ、はた;
1361;遅;12;3;Shinnyoo;チ、おく-れる、おく-らす、おそ-い;
1617;配;10;3;"Tori, Torihen";ハイ、くば-る;
2129;和;8;3;"Kuchi, Kuchihen";ワ、[オ]、やわ-らぐ、やわ-らげる、なご-む、なご-やか;カ、あ
1619;敗;11;3;Nobun;ハイ、やぶ-れる;
84;越;12;3;"Hashiru, Soonyoo";エツ、こ-す、こ-える;オチ、エチ、オッ
596;交;6;3;Nabebuta;コウ、まじ-わる、まじ-える、ま-じる、ま-ざる、ま-ぜる、か-う、か-わす;
1108;成;6;3;"Hokogamae, Hokozukuri";セイ、[ジョウ]、な-る、な-す;
1364;置;13;3;Amigashira;チ、お-く;
597;光;6;3;Hitoashi;コウ、ひか-る、ひかり;
598;向;6;3;"Kuchi, Kuchihen";コウ、む-く、む-ける、む-かう、む-こう;キョウ、さき
1110;声;7;3;Samurai;セイ、[ショウ]、こえ、[こわ];
1111;制;8;3;"Katana, Rittoo";セイ;
344;疑;14;3;Hiki;ギ、うたが-う;
600;好;6;3;"Onna, Onnahen";コウ、この-む、す-く;よしみ、よ
1114;性;8;3;"Kokoro, Risshinben, Shitagokoro";セイ、ショウ;
860;若;8;3;Kusakanmuri;ジャク、[ニャク]、わか-い、も-しくは;ニャ、か、そ
349;議;20;3;"Gon, Gonben";ギ;
861;弱;10;3;"Yumi, Yumihen";ジャク、よわ-い、よわ-る、よわ-まる、よわ-める;
1117;政;9;3;Nobun;セイ、[ショウ]、まつりごと;ただ
95;園;13;3;Kunigamae;エン、その;オン
96;煙;13;3;"Hi, Hihen, Renga";エン、けむ-る、けむり、けむ-い;
608;更;7;3;Hirabi;コウ、さら、ふ-ける、ふ-かす;が
865;守;6;3;Ukanmuri;シュ、[ス]、まも-る、も-り;
98;遠;13;3;Shinnyoo;エン、[オン]、とお-い;
610;幸;8;3;Ichijuu;コウ、さいわ-い、さち、しあわ-せ;みゆき
355;客;9;3;Ukanmuri;キャク、カク;
867;取;8;3;Mata;シュ、と-る;ス
101;演;14;3;"Mizu, Sanzui, Shitamizu";エン;
869;首;9;3;Kubi;シュ、くび;こうべ
1126;晴;12;3;"Nichi, Nichihen";セイ、は-れる、は-らす;
872;酒;10;3;"Tori, Torihen";シュ、さけ、[さか];
105;王;4;3;"Tama, Oo";オウ;
874;種;14;3;"Nogi, Nogihen";シュ、たね;
1130;精;14;3;"Kome, Komehen";セイ、[ショウ];くわ
1643;箱;15;3;"Take, Takekanmuri";はこ;
877;受;8;3;Mata;ジュ、う-ける、う-かる;
1133;静;14;3;"Ao, Aohen";セイ、[ジョウ]、しず、しず-か、しず-まる、しず-める;
110;押;8;3;Tehen;オウ、お-す、お-さえる;
366;吸;6;3;"Kuchi, Kuchihen";キュウ、す-う;
622;候;10;3;"Hito, Ninben, Hitoyane";コウ、そうろう;そうろ
1904;末;5;3;"Ki, Kihen";マツ、バツ、すえ;
369;求;7;3;"Mizu, Sanzui, Shitamizu";キュウ、もと-める;グ
1650;髪;14;3;Kamigashira;ハツ、かみ;
627;降;10;3;Kozatohen;コウ、お-りる、お-ろす、ふ-る;くだ
883;収;4;3;Mata;シュウ、おさ-める、おさ-まる;
1907;満;12;3;"Mizu, Sanzui, Shitamizu";マン、み-ちる、み-たす;
1140;石;5;3;"Ishi, Ishihen";セキ、[シャク]、[コク]、いし;
1652;抜;7;3;Tehen;バツ、ぬ-く、ぬ-ける、ぬ-かす、ぬ-かる;
117;横;15;3;"Ki, Kihen";オウ、よこ;
1142;昔;8;3;"Nichi, Nichihen";セキ、[シャク]、むかし;
1910;未;5;3;"Ki, Kihen";ミ;ひつじ、いま
1655;反;4;3;Mata;ハン、[ホン]、[タン]、そ-る、そ-らす;
1144;席;10;3;"Haba, Kinben";セキ;し
377;球;11;3;"Tama, Oo";キュウ、たま;
378;給;12;3;"Ito, Itohen";キュウ;たま
1658;犯;5;3;"Inu, Kemonohen";ハン、おか-す;ボン
635;港;12;3;"Mizu, Sanzui, Shitamizu";コウ、みなと;
1404;頂;11;3;Oogai;チョウ、いただ-く、いただき;
1149;責;11;3;"Kai, Kaihen";セキ、せ-める;シャク
1662;判;7;3;"Katana, Rittoo";ハン、バン;わか
1918;民;5;3;Uji;ミン、たみ;
1151;積;16;3;"Nogi, Nogihen";セキ、つ-む、つ-もる;シャク
1919;眠;10;3;"Me, Mehen";ミン、ねむ-る、ねむ-い;
384;居;8;3;Shikabane;キョ、い-る;コ、ゴ、お
1664;阪;7;3;Kozatohen;ハン;さか、ざか
641;構;14;3;"Ki, Kihen";コウ、かま-える、かま-う;
1921;務;11;3;Chikara;ム、つと-める、つと-まる;
1155;折;7;3;Tehen;セツ、お-る、おり、お-れる;
1923;夢;13;3;Yuube;ム、ゆめ;
132;化;4;3;Hi;カ、ケ、ば-ける、ば-かす;
389;許;11;3;"Gon, Gonben";キョ、ゆる-す;コ、もと
1925;娘;10;3;"Onna, Onnahen";むすめ;
134;加;5;3;Chikara;カ、くわ-える、くわ-わる;ケ
135;可;5;3;"Kuchi, Kuchihen";カ;
1415;調;15;3;"Gon, Gonben";チョウ、しら-べる、ととの-う、ととの-える;つき
1927;命;8;3;"Kuchi, Kuchihen";メイ、ミョウ、いのち;
392;御;12;3;Gyooninben;ギョ、ゴ、おん;おさ、お、み
1160;雪;11;3;"Ame, Amekanmuri";セツ、ゆき;そそ
1929;迷;9;3;Shinnyoo;メイ、まよ-う;マイ
1418;直;8;3;"Me, Mehen";チョク、ジキ、ただ-ちに、なお-す、なお-る;た、だ
395;共;6;3;Hachi;キョウ、とも;
651;号;5;3;"Kuchi, Kuchihen";ゴウ;
1163;説;14;3;"Gon, Gonben";セツ、[ゼイ]、と-く;
652;合;6;3;"Kuchi, Kuchihen";ゴウ、ガッ、[カッ]、あ-う、あ-わす、あ-わせる;コウ
141;果;8;3;"Ki, Kihen";カ、は-たす、は-てる、は-て;くだもの
1165;絶;12;3;"Ito, Itohen";ゼツ、た-える、た-やす、た-つ;
1933;鳴;14;3;Tori;メイ、な-く、な-る、な-らす;
1679;晩;12;3;"Nichi, Nichihen";バン;
144;科;9;3;"Nogi, Nogihen";カ;しな、とが
400;供;8;3;"Hito, Ninben, Hitoyane";キョウ、[ク]、そな-える、とも;
1680;番;12;3;"Ta, Tahen";バン;つが
1936;面;9;3;Men;メン、おも、おもて、つら;
658;告;7;3;"Kuchi, Kuchihen";コク、つ-げる;
1427;追;9;3;Shinnyoo;ツイ、お-う;
660;刻;8;3;"Katana, Rittoo";コク、きざ-む;
406;恐;10;3;"Kokoro, Risshinben, Shitagokoro";キョウ、おそ-れる、おそ-ろしい;
1686;否;7;3;"Kuchi, Kuchihen";ヒ、いな;
1175;洗;9;3;"Mizu, Sanzui, Shitamizu";セン、あら-う;
1431;痛;12;3;Yamaidare;ツウ、いた-い、いた-む、いた-める;
920;宿;11;3;Ukanmuri;シュク、やど、やど-る、やど-す;スク、シュ
1688;彼;8;3;Gyooninben;ヒ、かれ、[かの];か
153;過;12;3;Shinnyoo;カ、す-ぎる、す-ごす、あやま-つ、あやま-ち;よぎ
1691;非;8;3;Arazu;ヒ;
668;込;5;3;Shinnyoo;こ-む、こ-める;
1180;船;11;3;"Fune, Funehen";セン、ふね、[ふな];
157;靴;13;3;"Kakunokawa, Kawahen";カ、くつ;
1181;戦;13;3;"Hokogamae, Hokozukuri";セン、いくさ、たたか-う;おのの
1437;低;7;3;"Hito, Ninben, Hitoyane";テイ、ひく-い、ひく-める、ひく-まる;
1693;飛;9;3;Tobu;ヒ、と-ぶ、と-ばす;
1949;門;8;3;Mongamae;モン、かど;
1694;疲;10;3;Yamaidare;ヒ、つか-れる;
671;困;7;3;Kunigamae;コン、こま-る;
928;術;11;3;Gyoogamae;ジュツ;
1441;定;8;3;Ukanmuri;テイ、ジョウ、さだ-める、さだ-まる、さだ-か;
1697;悲;12;3;"Kokoro, Risshinben, Shitagokoro";ヒ、かな-しい、かな-しむ;
675;婚;11;3;"Onna, Onnahen";コン;
1699;費;12;3;"Kai, Kaihen";ヒ、つい-やす、つい-える;
1957;役;7;3;Gyooninben;ヤク、エキ;
1958;約;9;3;"Ito, Itohen";ヤク;
424;曲;6;3;Hirabi;キョク、ま-がる、ま-げる;くせ
1192;選;15;3;Shinnyoo;セン、えら-ぶ;
1960;薬;16;3;Kusakanmuri;ヤク、くすり;
425;局;7;3;Shikabane;キョク;つぼね
1449;庭;10;3;Madare;テイ、にわ;
1705;美;9;3;Hitsuji;ビ、うつく-しい;ミ、うま、よ
1706;備;12;3;"Hito, Ninben, Hitoyane";ビ、そな-える、そな-わる;つぶさ
1963;由;5;3;"Ta, Tahen";ユ、ユウ、[ユイ]、よし;よ
1196;全;6;3;"Hito, Ninben, Hitoyane";ゼン、まった-く、すべ-て;まっと
173;回;6;3;Kunigamae;カイ、[エ]、まわ-る、まわ-す;めぐ
943;処;5;3;Suinyoo;ショ;どころ
1199;然;12;3;"Hi, Hihen, Renga";ゼン、ネン;しか
1455;程;12;3;"Nogi, Nogihen";テイ、ほど;
688;差;10;3;"E, Takumihen";サ、さ-す;
944;初;7;3;"Katana, Rittoo";ショ、はじ-め、はじ-めて、はつ、うい、そ-める;うぶ
1712;必;5;3;"Kokoro, Risshinben, Shitagokoro";ヒツ、かなら-ず;
945;所;8;3;"To, Tokanmuri";ショ、ところ;ソ、ゾ、ら
434;勤;12;3;Chikara;キン、[ゴン]、つと-める、つと-まる;
691;座;10;3;Madare;ザ、すわ-る;サ、くら、ぐら
948;暑;12;3;"Nichi, Nichihen";ショ、あつ-い;
693;才;3;3;Tehen;サイ;
950;緒;14;3;"Ito, Itohen";ショ、[チョ]、お;いとぐち
1206;祖;9;3;"Shimesu, Shimesuhen";ソ;
1718;表;8;3;"Koromo, Koromohen";ヒョウ、おもて、あらわ-す、あらわ-れる;
184;皆;9;3;Shiro;カイ、みな;みんな
696;妻;8;3;"Onna, Onnahen";サイ、つま;め
1464;適;14;3;Shinnyoo;テキ;かな
186;絵;12;3;"Ito, Itohen";カイ、エ;
954;助;7;3;Chikara;ジョ、たす-ける、たす-かる、すけ;ソ
1211;組;11;3;"Ito, Itohen";ソ、く-む、くみ;
1980;遊;12;3;Shinnyoo;ユウ、[ユ]、あそ-ぶ;
445;区;4;3;Kakushigamae;ク;
958;除;10;3;Kozatohen;ジョ、[ジ]、のぞ-く;
191;解;13;3;"Tsuno, Tsunohen";カイ、ゲ、と-く、と-かす、と-ける;ケ
447;苦;8;3;Kusakanmuri;ク、くる-しい、くる-しむ、くる-しめる、にが-い、にが-る;コ
703;済;11;3;"Mizu, Sanzui, Shitamizu";サイ、す-む、す-ます;セイ、わた
1728;猫;11;3;"Inu, Kemonohen";ビョウ、ねこ;ミョウ
449;具;8;3;Hachi;グ;ク、つぶさ、そな、とも
1985;優;17;3;"Hito, Ninben, Hitoyane";ユウ、やさ-しい、すぐ-れる;ウ
1986;与;3;3;Ichi;ヨ、あた-える;あずか、くみ
707;菜;11;3;Kusakanmuri;サイ、な;
1475;点;9;3;"Hi, Hihen, Renga";テン;
1731;貧;11;3;"Kai, Kaihen";ヒン、ビン、まず-しい;
1987;予;4;3;Haneboo;ヨ;あらかじ
708;最;12;3;Hirabi;サイ、もっと-も;
1220;争;6;3;Ku;ソウ、あらそ-う;
1988;余;7;3;"Hito, Ninben, Hitoyane";ヨ、あま-る、あま-す;
453;偶;11;3;"Hito, Ninben, Hitoyane";グウ;
199;害;10;3;Ukanmuri;ガイ;
1223;相;9;3;"Me, Mehen";ソウ、ショウ、あい;
968;招;8;3;Tehen;ショウ、まね-く;
713;歳;13;3;Tomeru;サイ、[セイ];とし
1225;草;9;3;Kusakanmuri;ソウ、くさ;
1481;伝;6;3;"Hito, Ninben, Hitoyane";デン、つた-わる、つた-える、つた-う;テン
1737;夫;4;3;Dai;フ、[フウ]、おっと;か
715;際;14;3;Kozatohen;サイ、きわ;
1739;付;5;3;"Hito, Ninben, Hitoyane";フ、つ-ける、つ-く;
1996;要;9;3;Nishi;ヨウ、かなめ、い-る;
717;在;6;3;"Tsuchi, Tsuchihen";ザイ、あ-る;
1997;容;10;3;Ukanmuri;ヨウ;い
462;君;7;3;"Kuchi, Kuchihen";クン、きみ;
1487;徒;10;3;Gyooninben;ト;いたず、かち
1743;怖;8;3;"Kokoro, Risshinben, Shitagokoro";フ、こわ-い;
720;財;10;3;"Kai, Kaihen";ザイ、[サイ];たから
976;消;10;3;"Mizu, Sanzui, Shitamizu";ショウ、き-える、け-す;
1488;途;10;3;Shinnyoo;ト;ズ
721;罪;13;3;Amigashira;ザイ、つみ;
1489;都;11;3;Oozato;ト、ツ、みやこ;す、ず
2001;葉;12;3;Kusakanmuri;ヨウ、は;
1490;渡;12;3;"Mizu, Sanzui, Shitamizu";ト、わた-る、わた-す;
2002;陽;12;3;Kozatohen;ヨウ;あき、ひ、び
1747;負;9;3;"Kai, Kaihen";フ、ま-ける、ま-かす、お-う;
980;笑;10;3;"Take, Takekanmuri";ショウ、わら-う、え-む;
1236;窓;11;3;"Ana, Anakanmuri";ソウ、まど;
725;昨;9;3;"Nichi, Nichihen";サク;きのう
1749;浮;10;3;"Mizu, Sanzui, Shitamizu";フ、う-く、う-かれる、う-かぶ、う-かべる;
2005;様;14;3;"Ki, Kihen";ヨウ、さま;
214;格;10;3;"Ki, Kihen";カク、[コウ];
982;商;11;3;"Kuchi, Kuchihen";ショウ、あきな-う;あきんど
1750;婦;11;3;"Onna, Onnahen";フ;
471;形;7;3;Sanzukuri;ケイ、ギョウ、かた、かたち;
1495;努;7;3;Chikara;ド、つと-める;
1752;富;12;3;Ukanmuri;フ、[フウ]、と-む、とみ;
1497;怒;9;3;"Kokoro, Risshinben, Shitagokoro";ド、いか-る、おこ-る;ヌ
218;覚;12;3;Miru;カク、おぼ-える、さ-ます、さ-める;
475;係;9;3;"Hito, Ninben, Hitoyane";ケイ、かか-る、かかり;
987;勝;12;3;Chikara;ショウ、か-つ、まさ-る;すぐ、た
1243;想;13;3;"Kokoro, Risshinben, Shitagokoro";ソウ、[ソ];おも
1501;当;6;3;Shoo;トウ、あ-たる、あ-てる;
222;確;15;3;"Ishi, Ishihen";カク、たし-か、たし-かめる;
1502;投;7;3;Tehen;トウ、な-げる;
2016;欲;11;3;Akubi;ヨク、ほっ-する、ほ-しい;
1505;到;8;3;"Katana, Rittoo";トウ;いた
1761;部;11;3;Oozato;ブ;フ、わ、べ
738;殺;10;3;Rumata;サツ、[サイ]、[セツ]、ころ-す;
1506;逃;9;3;Shinnyoo;トウ、に-げる、に-がす、のが-す、のが-れる;
1762;舞;15;3;Maiashi;ブ、ま-う、まい;
483;経;11;3;"Ito, Itohen";ケイ、キョウ、へ-る;キン、たていと、たて、つね
739;察;14;3;Ukanmuri;サツ;
1507;倒;10;3;"Hito, Ninben, Hitoyane";トウ、たお-れる、たお-す;
486;景;12;3;"Nichi, Nichihen";ケイ;キョウ、かげ
742;雑;14;3;Furutori;ザツ、ゾウ;
487;軽;12;3;"Kuruma, Kurumahen";ケイ、かる-い、かろ-やか;キン
1256;増;14;3;"Tsuchi, Tsuchihen";ゾウ、ま-す、ふ-える、ふ-やす;
2024;頼;16;3;Oogai;ライ、たの-む、たの-もしい、たよ-る;
234;活;9;3;"Mizu, Sanzui, Shitamizu";カツ;い
746;参;8;3;Mu;サン、まい-る;
1770;福;13;3;"Shimesu, Shimesuhen";フク;
2026;落;12;3;Kusakanmuri;ラク、お-ちる、お-とす;
1771;腹;13;3;"Niku, Nikuzuki";フク、はら;
1516;盗;11;3;Sara;トウ、ぬす-む;
237;割;12;3;"Katana, Rittoo";カツ、わ-る、わり、わ-れる、さ-く;き
750;産;11;3;Umareru;サン、う-む、う-まれる、うぶ;
1262;束;7;3;"Ki, Kihen";ソク、たば;つか、づか
1774;払;5;3;Tehen;フツ、はら-う;
496;警;19;3;"Gon, Gonben";ケイ;キョウ
752;散;12;3;Nobun;サン、ち-る、ち-らす、ち-らかす、ち-らかる;
1266;息;10;3;"Kokoro, Risshinben, Shitagokoro";ソク、いき;むすこ、やす
499;迎;7;3;Shinnyoo;ゲイ、むか-える;
755;賛;15;3;"Kai, Kaihen";サン;
1523;登;12;3;Hatsugashira;トウ、ト、のぼ-る;の
756;残;10;3;Kabanehen;ザン、のこ-る、のこ-す;
1268;速;10;3;Shinnyoo;ソク、はや-い、はや-める、はや-まる、すみ-やか;
2036;利;7;3;"Katana, Rittoo";リ、き-く;と
1013;状;7;3;"Inu, Kemonohen";ジョウ;
1269;側;11;3;"Hito, Ninben, Hitoyane";ソク、がわ;そば
1525;等;12;3;"Take, Takekanmuri";トウ、ひと-しい;ら、ま
1014;乗;9;3;No;ジョウ、の-る、の-せる;
761;支;4;3;Shi;シ、ささ-える;つか
506;欠;4;3;Akubi;ケツ、か-ける、か-く;あくび
1018;常;11;3;"Haba, Kinben";ジョウ、つね、とこ;
1019;情;11;3;"Kokoro, Risshinben, Shitagokoro";ジョウ、[セイ]、なさ-け;
1275;続;13;3;"Ito, Itohen";ゾク、つづ-く、つづ-ける;
1531;頭;16;3;Oogai;トウ、ズ、[ト]、あたま、かしら;ジュウ、かみ、がみ
252;完;7;3;Ukanmuri;カン;
509;決;7;3;"Mizu, Sanzui, Shitamizu";ケツ、き-める、き-まる;
1789;平;5;3;Ichijuu;ヘイ、ビョウ、たい-ら、ひら;ヒョウ、ピョウ
254;官;8;3;Ukanmuri;カン;
1278;存;6;3;"Ko, Kohen";ソン、ゾン;
1279;村;7;3;"Ki, Kihen";ソン、むら;
256;巻;9;2;Onore;カン、ま-く、まき;ケン
1280;孫;10;2;"Ko, Kohen";ソン、まご;
1792;並;8;2;Ni;ヘイ、なみ、なら-べる、なら-ぶ、なら-びに;な
2048;略;11;2;"Ta, Tahen";リャク;ほぼ
257;看;9;2;"Me, Mehen";カン;み
1281;尊;12;2;Sun;ソン、たっと-い、とうと-い、たっと-ぶ、とうと-ぶ;みこと
1282;損;13;2;Tehen;ソン、そこ-なう、そこ-ねる;
259;乾;11;2;"Otsu, Otsunyoo";カン、かわ-く、かわ-かす;いぬい、ほ、ぼ
772;糸;6;2;"Ito, Itohen";シ、いと;
517;券;8;2;"Katana, Rittoo";ケン;
1541;童;12;2;Tatsu;ドウ、わらべ;わらわ
2053;粒;11;2;"Kome, Komehen";リュウ、つぶ;
518;肩;8;2;"Niku, Nikuzuki";ケン、かた;
774;伺;7;2;"Hito, Ninben, Hitoyane";シ、うかが-う;
775;志;7;2;"Kokoro, Risshinben, Shitagokoro";シ、こころざ-す、こころざし;
8;圧;5;2;"Tsuchi, Tsuchihen";アツ;おさ
1032;植;12;2;"Ki, Kihen";ショク、う-える、う-わる;
1544;銅;14;2;"Kane, Kanehen";ドウ;
1545;導;15;2;Sun;ドウ、みちび-く;
266;換;12;2;Tehen;カン、か-える、か-わる;
778;刺;8;2;"Katana, Rittoo";シ、さ-す、さ-さる;とげ
1802;壁;16;2;"Tsuchi, Tsuchihen";ヘキ、かべ;
1035;触;13;2;"Tsuno, Tsunohen";ショク、ふ-れる、さわ-る;
2060;了;2;2;Haneboo;リョウ;
13;案;10;2;"Ki, Kihen";アン;
781;枝;8;2;"Ki, Kihen";シ、えだ;
526;軒;10;2;"Kuruma, Kurumahen";ケン、のき;
527;健;11;2;"Hito, Ninben, Hitoyane";ケン、すこ-やか;たけ
1807;片;4;2;Katahen;ヘン、かた;
16;衣;6;2;"Koromo, Koromohen";イ、ころも;エ、きぬ、き、ぎぬ、ぎ
1808;辺;5;2;Shinnyoo;ヘン、あた-り、べ;ふち、は、へ
2064;涼;11;2;"Mizu, Sanzui, Shitamizu";リョウ、すず-しい、すず-む;
18;囲;7;2;Kunigamae;イ、かこ-む、かこ-う;
1554;毒;8;2;"Haha, Hahanokan";ドク;
1043;伸;7;2;"Hito, Ninben, Hitoyane";シン、の-びる、の-ばす、の-べる;
2067;量;12;2;"Sato, Satohen";リョウ、はか-る;
20;依;8;2;"Hito, Ninben, Hitoyane";イ、[エ];よ
1044;臣;7;2;Shin;シン、ジン;おみ
21;委;8;2;"Onna, Onnahen";イ、ゆだ-ねる;まか
1301;帯;10;2;"Haba, Kinben";タイ、お-びる、おび;
1813;編;15;2;"Ito, Itohen";ヘン、あ-む;
2069;領;14;2;Oogai;リョウ;
278;管;14;2;"Take, Takekanmuri";カン、くだ;
791;脂;10;2;"Niku, Nikuzuki";シ、あぶら;
1047;辛;7;2;Karai;シン、から-い;つら、づら
2071;療;17;2;Yamaidare;リョウ;
1304;袋;11;2;"Koromo, Koromohen";タイ、ふくろ;
1560;届;8;2;Shikabane;とど-ける、とど-く;
25;胃;9;2;"Niku, Nikuzuki";イ;
538;賢;16;2;"Kai, Kaihen";ケン、かしこ-い;
794;詞;12;2;"Gon, Gonben";シ;ことば
1306;替;12;2;Hirabi;タイ、か-える、か-わる;
1818;保;9;2;"Hito, Ninben, Hitoyane";ホ、たも-つ;やす
27;異;11;2;"Ta, Tahen";イ、こと;あや
2075;緑;14;2;"Ito, Itohen";リョク、[ロク]、みどり;
28;移;11;2;"Nogi, Nogihen";イ、うつ-る、うつ-す;
1565;鈍;12;2;"Kane, Kanehen";ドン、にぶ-い、にぶ-る;
1821;補;12;2;"Koromo, Koromohen";ホ、おぎな-う;フ
286;環;17;2;"Tama, Oo";カン;たまき
1566;曇;16;2;"Nichi, Nichihen";ドン、くも-る;
287;簡;18;2;"Take, Takekanmuri";カン;ケン
2079;輪;15;2;"Kuruma, Kurumahen";リン、わ;
1824;募;12;2;Chikara;ボ、つの-る;
801;誌;14;2;"Gon, Gonben";シ;
1057;針;10;2;"Kane, Kanehen";シン、はり;
1315;第;11;2;"Take, Takekanmuri";ダイ;
2083;涙;10;2;"Mizu, Sanzui, Shitamizu";ルイ、なみだ;
292;丸;3;2;Ten;ガン、まる、まる-い、まる-める;
293;含;7;2;"Kuchi, Kuchihen";ガン、ふく-む、ふく-める;ゴン
294;岸;8;2;"Yama, Yamahen";ガン、きし;
1830;包;5;2;Tsutsumigamae;ホウ、つつ-む;
39;域;11;2;"Tsuchi, Tsuchihen";イキ;
295;岩;8;2;"Yama, Yamahen";ガン、いわ;
1575;軟;11;2;"Kuruma, Kurumahen";ナン、やわ-らか、やわ-らかい;
2087;令;5;2;"Hito, Ninben, Hitoyane";レイ;リョウ
808;寺;6;2;Sun;ジ、てら;シ
554;減;12;2;"Mizu, Sanzui, Shitamizu";ゲン、へ-る、へ-らす;
1834;宝;8;2;Ukanmuri;ホウ、たから;ホ、ボ
1067;震;15;2;"Ame, Amekanmuri";シン、ふる-う、ふる-える;
1324;濯;17;2;"Mizu, Sanzui, Shitamizu";タク;あら
813;児;7;2;Hitoashi;ジ、[ニ];こ、ご
558;戸;4;2;"To, Tokanmuri";コ、と;
2094;零;13;2;"Ame, Amekanmuri";レイ;
47;印;6;2;"Fushizukuri, Warifu";イン、しるし;
304;机;6;2;"Ki, Kihen";キ、つくえ;
561;固;8;2;Kunigamae;コ、かた-める、かた-まる、かた-い;
1585;乳;8;2;"Otsu, Otsunyoo";ニュウ、ちち、ち;
2097;齢;17;2;"Ha, Hahen";レイ;よわい
307;希;7;2;"Haba, Kinben";キ;ケ、こいねが、まれ
2100;歴;14;2;Tomeru;レキ;へ
566;故;9;2;Nobun;コ、ゆえ;ふる
311;祈;8;2;"Shimesu, Shimesuhen";キ、いの-る;
567;枯;9;2;"Ki, Kihen";コ、か-れる、か-らす;
1335;担;8;2;Tehen;タン、かつ-ぐ、にな-う;
312;季;8;2;"Ko, Kohen";キ;すえ
568;個;10;2;"Hito, Ninben, Hitoyane";コ;カ
1848;豊;13;2;Mame;ホウ、ゆた-か;ブ
569;庫;10;2;Madare;コ、[ク];
1337;炭;9;2;"Hi, Hihen, Renga";タン、すみ;
2105;恋;10;2;"Kokoro, Risshinben, Shitagokoro";レン、こ-う、こい、こい-しい;
570;湖;12;2;"Mizu, Sanzui, Shitamizu";コ、みずうみ;
59;宇;6;2;Ukanmuri;ウ;
571;雇;12;2;Furutori;コ、やと-う;
60;羽;6;2;Hane;ウ、は、はね;わ
2108;練;14;2;"Ito, Itohen";レン、ね-る;
1597;燃;16;2;"Hi, Hihen, Renga";ネン、も-える、も-やす、も-す;
1598;悩;10;2;"Kokoro, Risshinben, Shitagokoro";ノウ、なや-む、なや-ます;
321;基;11;2;"Tsuchi, Tsuchihen";キ、もと、もとい;
1601;脳;11;2;"Niku, Nikuzuki";ノウ;
1602;農;13;2;Shinnotatsu;ノウ;ノ
1858;防;7;2;Kozatohen;ボウ、ふせ-ぐ;ホウ
67;雲;12;2;"Ame, Amekanmuri";ウン、くも;
835;湿;12;2;"Mizu, Sanzui, Shitamizu";シツ、しめ-る、しめ-す;
1347;団;6;2;Kunigamae;ダン、[トン];
1603;濃;16;2;"Mizu, Sanzui, Shitamizu";ノウ、こ-い;
68;永;5;2;"Mizu, Sanzui, Shitamizu";エイ、なが-い;
1605;波;8;2;"Mizu, Sanzui, Shitamizu";ハ、なみ;
72;栄;9;2;"Ki, Kihen";エイ、さか-える、は-え、は-える;ヨウ
73;営;12;2;Tsukanmuri;エイ、いとな-む;
1867;帽;12;2;"Haba, Kinben";ボウ;
76;鋭;15;2;"Kane, Kanehen";エイ、するど-い;
1612;拝;8;2;Tehen;ハイ、おが-む;
1868;棒;12;2;"Ki, Kihen";ボウ;
589;公;4;2;Hachi;コウ、おおやけ;ク、グ、きみ
1869;貿;12;2;"Kai, Kaihen";ボウ;
2126;録;16;2;"Kane, Kanehen";ロク;
847;捨;11;2;Tehen;シャ、す-てる;
1871;暴;15;2;"Nichi, Nichihen";ボウ、[バク]、あば-く、あば-れる;
81;液;11;2;"Mizu, Sanzui, Shitamizu";エキ;
339;技;7;2;Tehen;ギ、わざ;
1366;竹;6;2;"Take, Takekanmuri";チク、たけ;
1367;畜;10;2;"Ta, Tahen";チク;
1623;倍;10;2;"Hito, Ninben, Hitoyane";バイ;ベ
2135;湾;12;2;"Mizu, Sanzui, Shitamizu";ワン;ま
88;延;8;2;Ennyoo;エン、の-びる、の-べる、の-ばす;び
1112;姓;8;2;"Onna, Onnahen";セイ、ショウ;
2136;腕;12;2;"Niku, Nikuzuki";ワン、うで;
1370;築;16;2;"Take, Takekanmuri";チク、きず-く;
1118;星;9;2;"Nichi, Nichihen";セイ、[ショウ]、ほし;
352;喫;12;2;"Kuchi, Kuchihen";キツ;
1120;省;9;2;"Me, Mehen";セイ、ショウ、かえり-みる、はぶ-く;
353;詰;13;2;"Gon, Gonben";キツ、つ-める、つ-まる、つ-む;なじ
609;効;8;2;Chikara;コウ、き-く;
1377;仲;6;2;"Hito, Ninben, Hitoyane";チュウ、なか;
1633;泊;8;2;"Mizu, Sanzui, Shitamizu";ハク、と-まる、と-める;
1378;虫;6;2;"Mushi, Mushihen";チュウ、むし;
1123;清;11;2;"Mizu, Sanzui, Shitamizu";セイ、[ショウ]、きよ-い、きよ-まる、きよ-める;シン、すず、す
100;塩;13;2;"Tsuchi, Tsuchihen";エン、しお;
612;肯;8;2;"Niku, Nikuzuki";コウ;
357;逆;9;2;Shinnyoo;ギャク、さか、さか-らう;ゲキ
1893;磨;16;2;"Ishi, Ishihen";マ、みが-く;
614;厚;9;2;Gandare;コウ、あつ-い;
1638;薄;16;2;Kusakanmuri;ハク、うす-い、うす-める、うす-まる、うす-らぐ、うす-れる;すすき
1127;勢;13;2;Chikara;セイ、いきお-い;セ、ゼ
1639;麦;7;2;Mugi;バク、むぎ;
104;汚;6;2;"Mizu, Sanzui, Shitamizu";オ、けが-す、けが-れる、けが-らわしい、よご-す、よご-れる、きたな-い;
360;久;3;2;No;キュウ、[ク]、ひさ-しい;
1385;柱;9;2;"Ki, Kihen";チュウ、はしら;
1897;枚;8;2;"Ki, Kihen";マイ;
618;紅;9;2;"Ito, Itohen";コウ、[ク]、べに、くれない;
1642;爆;19;2;"Hi, Hihen, Renga";バク;
107;央;5;2;Dai;オウ;ヨウ、つ
619;荒;9;2;Kusakanmuri;コウ、あら-い、あ-れる、あ-らす;すさ
1899;埋;10;2;"Tsuchi, Tsuchihen";マイ、う-める、う-まる、う-もれる;
108;応;7;2;"Kokoro, Risshinben, Shitagokoro";オウ、こた-える;
364;旧;5;2;"Nichi, Nichihen";キュウ;ふる
620;郊;9;2;Oozato;コウ;
621;香;9;2;Kaori;コウ、[キョウ]、か、かお-り、かお-る;
1389;駐;15;2;"Uma, Umahen";チュウ;
1390;著;11;2;Kusakanmuri;チョ、あらわ-す、いちじる-しい;
1646;肌;6;2;"Niku, Nikuzuki";はだ;キ
879;授;11;2;Tehen;ジュ、さず-ける、さず-かる;
1135;整;16;2;Nobun;セイ、ととの-える、ととの-う;
1391;貯;12;2;"Kai, Kaihen";チョ;たくわ
112;欧;8;2;Akubi;オウ;
624;耕;10;2;Sukihen;コウ、たがや-す;
625;航;10;2;"Fune, Funehen";コウ;
1137;税;12;2;"Nogi, Nogihen";ゼイ;
1394;庁;5;2;Madare;チョウ;
1395;兆;6;2;Hitoashi;チョウ、きざ-す、きざ-し;
116;奥;12;2;Dai;オウ、おく;
629;康;11;2;Madare;コウ;やす
885;州;6;2;Magarigawa;シュウ、す;
886;舟;6;2;"Fune, Funehen";シュウ、ふね、[ふな];
120;億;15;2;"Hito, Ninben, Hitoyane";オク;
632;黄;11;2;"Ki, Kiiro";コウ、オウ、き、[こ];
888;周;8;2;"Kuchi, Kuchihen";シュウ、まわ-り;ス、ズ、あまね
1400;張;11;2;"Yumi, Yumihen";チョウ、は-る;
890;拾;9;2;Tehen;シュウ、ジュウ、ひろ-う;
636;硬;12;2;"Ishi, Ishihen";コウ、かた-い;
893;修;10;2;"Hito, Ninben, Hitoyane";シュウ、[シュ]、おさ-める、おさ-まる;
383;巨;5;2;Hakogamae;キョ;コ
1663;坂;7;2;"Tsuchi, Tsuchihen";ハン、さか;
640;鉱;13;2;"Kane, Kanehen";コウ;あらがね
1152;績;17;2;"Ito, Itohen";セキ;う
1408;超;12;2;"Hashiru, Soonyoo";チョウ、こ-える、こ-す;
129;温;12;2;"Mizu, Sanzui, Shitamizu";オン、あたた-か、あたた-かい、あたた-まる、あたた-める;ウン
1665;板;8;2;"Ki, Kihen";ハン、バン、いた;
1666;版;8;2;Katahen;ハン;
1922;無;12;2;"Hi, Hihen, Renga";ム、ブ、な-い;
1669;般;10;2;"Fune, Funehen";ハン;
1158;接;11;2;Tehen;セツ、つ-ぐ;
1670;販;11;2;"Kai, Kaihen";ハン;
1159;設;11;2;"Gon, Gonben";セツ、もう-ける;
136;仮;6;2;"Hito, Ninben, Hitoyane";カ、[ケ]、かり;たと
648;講;17;2;"Gon, Gonben";コウ;
393;漁;14;2;"Mizu, Sanzui, Shitamizu";ギョ、リョウ;すなど、あさ
1162;節;13;2;"Take, Takekanmuri";セツ、[セチ]、ふし;
140;価;8;2;"Hito, Ninben, Hitoyane";カ、あたい;
396;叫;6;2;"Kuchi, Kuchihen";キョウ、さけ-ぶ;
1421;沈;7;2;"Mizu, Sanzui, Shitamizu";チン、しず-む、しず-める;ジン
142;河;8;2;"Mizu, Sanzui, Shitamizu";カ、かわ;
1422;珍;9;2;"Tama, Oo";チン、めずら-しい;
911;柔;9;2;"Ki, Kihen";ジュウ、ニュウ、やわ-らか、やわ-らかい;
401;協;8;2;Juu;キョウ;
1169;占;5;2;Uranai;セン、し-める、うらな-う;
1425;賃;13;2;"Kai, Kaihen";チン;
1937;綿;14;2;"Ito, Itohen";メン、わた;
402;況;8;2;"Mizu, Sanzui, Shitamizu";キョウ;
659;谷;7;2;Tani;コク、たに;きわ
1683;比;4;2;Kuraberu;ヒ、くら-べる;
148;荷;10;2;Kusakanmuri;カ、に;
404;挟;9;2;Tehen;キョウ、はさ-む、はさ-まる;さしはさ
1172;専;9;2;Sun;セン、もっぱ-ら;
1684;皮;5;2;Kegawa;ヒ、かわ;
1173;泉;9;2;"Mizu, Sanzui, Shitamizu";セン、いずみ;
1941;毛;4;2;Ke;モウ、け;モ
150;菓;11;2;Kusakanmuri;カ;
1174;浅;9;2;"Mizu, Sanzui, Shitamizu";セン、あさ-い;
151;貨;11;2;"Kai, Kaihen";カ;
919;祝;9;2;"Shimesu, Shimesuhen";シュク、[シュウ]、いわ-う;のりと、ほ
1687;批;7;2;Tehen;ヒ;
408;胸;10;2;"Niku, Nikuzuki";キョウ、むね、[むな];
666;骨;10;2;"Hone, Honehen";コツ、ほね;
413;境;14;2;"Tsuchi, Tsuchihen";キョウ、[ケイ]、さかい;
414;橋;16;2;"Ki, Kihen";キョウ、はし;
927;述;8;2;Shinnyoo;ジュツ、の-べる;
1696;被;10;2;"Koromo, Koromohen";ヒ、こうむ-る;かず、かぶ
417;競;20;2;Tatsu;キョウ、ケイ、きそ-う、せ-る;
162;課;15;2;"Gon, Gonben";カ;
674;根;10;2;"Ki, Kihen";コン、ね;
1442;底;8;2;Madare;テイ、そこ;
676;混;11;2;"Mizu, Sanzui, Shitamizu";コン、ま-じる、ま-ざる、ま-ぜる、こ-む;
1190;線;15;2;"Ito, Itohen";セン;
937;純;10;2;"Ito, Itohen";ジュン;
426;極;12;2;"Ki, Kihen";キョク、ゴク、きわ-める、きわ-まる、きわ-み;
427;玉;5;2;"Tama, Oo";ギョク、たま;
939;順;12;2;Oogai;ジュン;したが
1451;停;11;2;"Hito, Ninben, Hitoyane";テイ;
172;介;4;2;"Hito, Ninben, Hitoyane";カイ;ケ、すけ
940;準;13;2;"Mizu, Sanzui, Shitamizu";ジュン;
1708;鼻;14;2;Hana;ビ、はな;
1964;油;8;2;"Mizu, Sanzui, Shitamizu";ユ、あぶら;
685;査;9;2;"Ki, Kihen";サ;
174;灰;6;2;"Hi, Hihen, Renga";カイ、はい;
430;均;7;2;"Tsuchi, Tsuchihen";キン;ひと
686;砂;9;2;"Ishi, Ishihen";サ、シャ、すな;
1198;善;12;2;"Kuchi, Kuchihen";ゼン、よ-い;
1711;匹;4;2;Kakushigamae;ヒツ、ひき;ピキ
176;快;7;2;"Kokoro, Risshinben, Shitagokoro";カイ、こころよ-い;
1968;輸;16;2;"Kuruma, Kurumahen";ユ;
178;改;7;2;Nobun;カイ、あらた-める、あらた-まる;
1714;筆;12;2;"Take, Takekanmuri";ヒツ、ふで;
1459;泥;8;2;"Mizu, Sanzui, Shitamizu";デイ、どろ;なず
949;署;13;2;Amigashira;ショ;
1717;氷;5;2;"Mizu, Sanzui, Shitamizu";ヒョウ、こおり、ひ;こお
1973;勇;9;2;Chikara;ユウ、いさ-む;ユ
438;禁;13;2;"Shimesu, Shimesuhen";キン;
694;再;6;2;Doogamae;サイ、[サ]、ふたた-び;
951;諸;15;2;"Gon, Gonben";ショ;もろもろ
1463;滴;14;2;"Mizu, Sanzui, Shitamizu";テキ、しずく、したた-る;
1976;郵;11;2;Oozato;ユウ;
185;械;11;2;"Ki, Kihen";カイ;
1721;評;12;2;"Gon, Gonben";ヒョウ;
1723;標;15;2;"Ki, Kihen";ヒョウ;
188;階;12;2;Kozatohen;カイ;はし、しな
1469;鉄;13;2;"Kane, Kanehen";テツ;くろがね
1725;秒;9;2;"Nogi, Nogihen";ビョウ;
702;採;11;2;Tehen;サイ、と-る;
704;祭;11;2;"Shimesu, Shimesuhen";サイ、まつ-る、まつ-り;
1217;双;4;2;Mata;ソウ、ふた;
706;細;11;2;"Ito, Itohen";サイ、ほそ-い、ほそ-る、こま-か、こま-かい;ささ
962;召;5;2;"Kuchi, Kuchihen";ショウ、め-す;
196;貝;7;2;"Kai, Kaihen";かい;
964;床;7;2;Madare;ショウ、とこ、ゆか;
1476;展;10;2;Shikabane;テン;の
1990;預;13;2;Oogai;ヨ、あず-ける、あず-かる;
455;隅;12;2;Kozatohen;グウ、すみ;
1991;幼;5;2;Itogashira;ヨウ、おさな-い;
969;承;8;2;Te;ショウ、うけたまわ-る;う
458;掘;11;2;Tehen;クツ、ほ-る;
970;昇;8;2;"Nichi, Nichihen";ショウ、のぼ-る;
1482;殿;13;2;Rumata;デン、テン、との、どの;しんがり
1228;捜;10;2;Tehen;ソウ、さが-す;
1740;布;5;2;"Haba, Kinben";フ、ぬの;ホ、し
718;材;7;2;"Ki, Kihen";ザイ;
1742;府;8;2;Madare;フ;
463;訓;10;2;"Gon, Gonben";クン;キン
975;将;10;2;Sun;ショウ;まさ、は
1232;掃;11;2;Tehen;ソウ、は-く;
210;各;6;2;"Kuchi, Kuchihen";カク、おのおの;
466;軍;9;2;"Kuruma, Kurumahen";グン;いくさ
211;角;7;2;"Tsuno, Tsunohen";カク、かど、つの;すみ、ずみ
1491;塗;13;2;"Tsuchi, Tsuchihen";ト、ぬ-る;まみ
2003;溶;13;2;"Mizu, Sanzui, Shitamizu";ヨウ、と-ける、と-かす、と-く;
212;拡;8;2;Tehen;カク;ひろ
468;群;13;2;Hitsuji;グン、む-れる、む-れ、[むら];
2004;腰;13;2;"Niku, Nikuzuki";ヨウ、こし;
213;革;9;2;"Kakunokawa, Kawahen";カク、かわ;
1751;符;11;2;"Take, Takekanmuri";フ;
2007;踊;14;2;"Ashi, Ashihen";ヨウ、おど-る、おど-り;
984;章;11;2;Tatsu;ショウ;あき
985;紹;11;2;"Ito, Itohen";ショウ;
1241;装;12;2;"Koromo, Koromohen";ソウ、ショウ、よそお-う;
1753;普;12;2;"Nichi, Nichihen";フ;あまね
219;較;13;2;"Kuruma, Kurumahen";カク;コウ、くら
476;型;9;2;"Tsuchi, Tsuchihen";ケイ、かた;
732;咲;9;2;"Kuchi, Kuchihen";さ-く;
1244;層;14;2;Shikabane;ソウ;
1500;灯;6;2;"Hi, Hihen, Renga";トウ、ひ;ドン、ともしび、あかし
1756;膚;15;2;"Niku, Nikuzuki";フ;はだ
733;冊;5;2;Doogamae;サツ、サク;
1245;総;14;2;"Ito, Itohen";ソウ;ス、ふさ、すべ
734;札;5;2;"Ki, Kihen";サツ、ふだ;
990;焼;12;2;"Hi, Hihen, Renga";ショウ、や-く、や-ける;
479;恵;10;2;"Kokoro, Risshinben, Shitagokoro";ケイ、エ、めぐ-む;
735;刷;8;2;"Katana, Rittoo";サツ、す-る;はけ、ばけ
2015;浴;10;2;"Mizu, Sanzui, Shitamizu";ヨク、あ-びる、あ-びせる;
1760;武;8;2;Tomeru;ブ、ム;
1249;操;16;2;Tehen;ソウ、みさお、あやつ-る;
2017;翌;11;2;Hane;ヨク;
1250;燥;17;2;"Hi, Hihen, Renga";ソウ;
1763;封;9;2;Sun;フウ、ホウ;
996;象;12;2;Inoko;ショウ、ゾウ;に
1508;凍;10;2;Nisui;トウ、こお-る、こご-える;
229;額;18;2;Oogai;ガク、ひたい;ぬか
485;敬;12;2;Nobun;ケイ、うやま-う;キョウ
1254;造;10;2;Shinnyoo;ゾウ、つく-る;な
1510;島;10;2;"Yama, Yamahen";トウ、しま;
743;皿;5;2;Sara;さら;
999;照;13;2;"Hi, Hihen, Renga";ショウ、て-る、て-らす、て-れる;
1255;像;14;2;"Hito, Ninben, Hitoyane";ゾウ;かた
1767;副;11;2;"Katana, Rittoo";フク;フ、そ、ぞ
488;傾;13;2;"Hito, Ninben, Hitoyane";ケイ、かたむ-く、かたむ-ける;
1768;幅;12;2;"Haba, Kinben";フク、はば;
1257;憎;14;2;"Kokoro, Risshinben, Shitagokoro";ゾウ、にく-む、にく-い、にく-らしい、にく-しみ;
1769;復;12;2;Gyooninben;フク;
2025;絡;12;2;"Ito, Itohen";ラク、から-む、から-まる、から-める;
1258;蔵;15;2;Kusakanmuri;ゾウ、くら;
1514;党;10;2;Shoo;トウ;
1259;贈;18;2;"Kai, Kaihen";ゾウ、[ソウ]、おく-る;
1260;臓;19;2;"Niku, Nikuzuki";ゾウ;
1772;複;14;2;"Koromo, Koromohen";フク;
1005;賞;15;2;"Kai, Kaihen";ショウ;
2029;乱;7;2;"Otsu, Otsunyoo";ラン、みだ-れる、みだ-す;
1518;塔;12;2;"Tsuchi, Tsuchihen";トウ;
2030;卵;7;2;"Fushizukuri, Warifu";ラン、たまご;
1775;沸;8;2;"Mizu, Sanzui, Shitamizu";フツ、わ-く、わ-かす;
1776;仏;4;2;"Hito, Ninben, Hitoyane";ブツ、ほとけ;フツ
753;算;14;2;"Take, Takekanmuri";サン;
1265;則;9;2;"Katana, Rittoo";ソク;のっと、すなわ、のり
1521;湯;12;2;"Mizu, Sanzui, Shitamizu";トウ、ゆ;タン
498;芸;7;2;Kusakanmuri;ゲイ;ゲ
1778;粉;10;2;"Kome, Komehen";フン、こ、こな;
1012;条;7;2;"Ki, Kihen";ジョウ;
502;劇;15;2;"Katana, Rittoo";ゲキ;はげ
1270;測;12;2;"Mizu, Sanzui, Shitamizu";ソク、はか-る;
1526;筒;12;2;"Take, Takekanmuri";トウ、つつ;
247;干;3;2;Ichijuu;カン、ほ-す、ひ-る;
1015;城;9;2;"Tsuchi, Tsuchihen";ジョウ、しろ;セイ
248;刊;5;2;"Katana, Rittoo";カン;
2040;裏;13;2;"Koromo, Koromohen";リ、うら;
249;甘;5;2;Amai;カン、あま-い、あま-える、あま-やかす;うま
250;汗;6;2;"Mizu, Sanzui, Shitamizu";カン、あせ;
508;血;6;2;Chi;ケツ、ち;
1276;卒;8;2;Juu;ソツ;
2044;陸;11;2;Kozatohen;リク;ロク、おか、くが
765;史;5;2;"Kuchi, Kuchihen";シ;ふみ
1021;畳;12;2;"Ta, Tahen";ジョウ、たた-む、たたみ;
766;司;5;2;"Kuchi, Kuchihen";シ;ス、ズ、つかさど、つかさ
1022;蒸;13;2;Kusakanmuri;ジョウ、む-す、む-れる、む-らす;
1790;兵;7;2;Hachi;ヘイ、ヒョウ;つわもの
2046;律;9;2;Gyooninben;リツ、[リチ];
512;潔;15;1;"Mizu, Sanzui, Shitamizu";ケツ、いさぎよ-い;きよ
1024;壌;16;1;"Tsuchi, Tsuchihen";ジョウ;
1;亜;7;1;Ni;ア;
769;矢;5;1;"Ya, Yahen";シ、や;
1025;嬢;16;1;"Onna, Onnahen";ジョウ;
1537;洞;9;1;"Mizu, Sanzui, Shitamizu";ドウ、ほら;トウ
1793;柄;9;1;"Ki, Kihen";ヘイ、がら、え;
2049;柳;9;1;"Ki, Kihen";リュウ、やなぎ;
2;哀;9;1;"Kuchi, Kuchihen";アイ、あわ-れ、あわ-れむ;かな
258;陥;10;1;Kozatohen;カン、おちい-る、おとしい-れる;
770;旨;6;1;"Nichi, Nichihen";シ、むね;うま
1026;錠;16;1;"Kane, Kanehen";ジョウ;
1538;胴;10;1;"Niku, Nikuzuki";ドウ;
1794;陛;10;1;Kozatohen;ヘイ;
1027;譲;20;1;"Gon, Gonben";ジョウ、ゆず-る;
260;勘;11;1;Chikara;カン;
1028;醸;20;1;"Tori, Torihen";ジョウ、かも-す;
1796;塀;12;1;"Tsuchi, Tsuchihen";ヘイ;
2052;竜;10;1;Ryuu;リュウ、たつ;リョウ
261;患;11;1;"Kokoro, Risshinben, Shitagokoro";カン、わずら-う;
773;至;6;1;Itaru;シ、いた-る;
1797;幣;15;1;"Haba, Kinben";ヘイ;ぬさ
262;貫;11;1;"Kai, Kaihen";カン、つらぬ-く;
1286;汰;7;1;"Mizu, Sanzui, Shitamizu";タ;
1798;弊;15;1;"Komanuki, Nijuuashi";ヘイ;
2054;隆;11;1;Kozatohen;リュウ;ル、たか
7;握;12;1;Tehen;アク、にぎ-る;
2055;硫;12;1;"Ishi, Ishihen";リュウ;いおう
264;喚;12;1;"Kuchi, Kuchihen";カン;よ
1288;妥;7;1;"Onna, Onnahen";ダ;
9;扱;6;1;Tehen;あつか-う;
265;堪;12;1;"Tsuchi, Tsuchihen";カン、た-える;
1033;殖;12;1;Kabanehen;ショク、ふ-える、ふ-やす;
522;倹;10;1;"Hito, Ninben, Hitoyane";ケン;
1034;飾;13;1;"Shoku, Shokuhen";ショク、かざ-る;シキ
1290;堕;12;1;"Tsuchi, Tsuchihen";ダ;お
1546;瞳;17;1;"Me, Mehen";ドウ、ひとみ;トウ
2058;虜;13;1;Toragashira;リョ;とりこ
11;嵐;12;1;"Yama, Yamahen";あらし;ラン
267;敢;12;1;Nobun;カン;あ
523;兼;10;1;Hachi;ケン、か-ねる;
1291;惰;12;1;"Kokoro, Risshinben, Shitagokoro";ダ;
1547;峠;9;1;"Yama, Yamahen";とうげ;
2059;慮;15;1;"Kokoro, Risshinben, Shitagokoro";リョ;
268;棺;12;1;"Ki, Kihen";カン;ひつぎ
524;剣;10;1;"Katana, Rittoo";ケン、つるぎ;
1036;嘱;15;1;"Kuchi, Kuchihen";ショク;
1292;駄;14;1;"Uma, Umahen";ダ;タ
1548;匿;10;1;Kakushigamae;トク;かく
1804;癖;18;1;Yamaidare;ヘキ、くせ;
269;款;12;1;Akubi;カン;
525;拳;10;1;Tehen;ケン、こぶし;
1037;織;18;1;"Ito, Itohen";ショク、シキ、お-る;
782;祉;8;1;"Shimesu, Shimesuhen";シ;
271;閑;12;1;Mongamae;カン;ひま、な
783;肢;8;1;"Niku, Nikuzuki";シ;
1039;辱;10;1;Shinnotatsu;ジョク、はずかし-める;
1551;督;13;1;"Me, Mehen";トク;
272;勧;13;1;Chikara;カン、すす-める;
784;姿;9;1;"Onna, Onnahen";シ、すがた;
1296;耐;9;1;Shikashite;タイ、た-える;
1552;徳;14;1;Gyooninben;トク;
273;寛;13;1;Ukanmuri;カン;ひろ
529;圏;12;1;Kunigamae;ケン;
1553;篤;16;1;"Take, Takekanmuri";トク;あつ
2065;猟;11;1;"Inu, Kemonohen";リョウ;かり
274;幹;13;1;Ichijuu;カン、みき;
530;堅;12;1;"Tsuchi, Tsuchihen";ケン、かた-い;
1298;怠;9;1;"Kokoro, Risshinben, Shitagokoro";タイ、おこた-る、なま-ける;
2066;陵;11;1;Kozatohen;リョウ、みささぎ;
531;検;12;1;"Ki, Kihen";ケン;
787;施;9;1;"Hoo, Hoohen";シ、セ、ほどこ-す;の
1299;胎;9;1;"Niku, Nikuzuki";タイ;
1555;独;9;1;"Inu, Kemonohen";ドク、ひと-り;
1811;偏;11;1;"Hito, Ninben, Hitoyane";ヘン、かたよ-る;
532;嫌;13;1;"Onna, Onnahen";ケン、[ゲン]、きら-う、いや;
1812;遍;12;1;Shinnyoo;ヘン;あまね
2068;僚;14;1;"Hito, Ninben, Hitoyane";リョウ;
533;献;13;1;"Inu, Kemonohen";ケン、[コン];
22;威;9;1;"Onna, Onnahen";イ;おど、たけ
534;絹;13;1;"Ito, Itohen";ケン、きぬ;
1302;泰;10;1;"Mizu, Sanzui, Shitamizu";タイ;やす
1558;凸;5;1;Ukebako;トツ;
1814;弁;5;1;"Komanuki, Nijuuashi";ベン;わきま
2070;寮;15;1;Ukanmuri;リョウ;
23;為;9;1;"Hi, Hihen, Renga";イ;ため、な
535;遣;13;1;Shinnyoo;ケン、つか-う、つか-わす;や
280;歓;15;1;Akubi;カン;よろこ
792;視;11;1;Miru;シ;み
1048;侵;9;1;"Hito, Ninben, Hitoyane";シン、おか-す;
2072;瞭;17;1;"Me, Mehen";リョウ;あき
281;監;15;1;Sara;カン;ケン、ゲン
537;憲;16;1;"Kokoro, Risshinben, Shitagokoro";ケン;のり
793;紫;12;1;"Ito, Itohen";シ、むらさき;
1305;逮;11;1;Shinnyoo;タイ;
1561;屯;4;1;Tetsu;トン;たむろ
2073;糧;18;1;"Kome, Komehen";リョウ、[ロウ]、かて;
26;尉;11;1;Sun;イ;じょう
282;緩;15;1;"Ito, Itohen";カン、ゆる-い、ゆる-やか、ゆる-む、ゆる-める;
1050;津;9;1;"Mizu, Sanzui, Shitamizu";シン、つ;
1562;豚;11;1;Inoko;トン、ぶた;
283;憾;16;1;"Kokoro, Risshinben, Shitagokoro";カン;
539;謙;17;1;"Gon, Gonben";ケン;へりくだ
284;還;16;1;Shinnyoo;カン;ゲン、かえ
796;嗣;13;1;"Kuchi, Kuchihen";シ;つ
1052;唇;10;1;"Kuchi, Kuchihen";シン、くちびる;
1308;隊;12;1;Kozatohen;タイ;
541;繭;18;1;"Ito, Itohen";ケン、まゆ;
1053;娠;10;1;"Onna, Onnahen";シン;
1309;滞;13;1;"Mizu, Sanzui, Shitamizu";タイ、とどこお-る;
2077;厘;9;1;Gandare;リン;
542;顕;18;1;Oogai;ケン;あらわ、あき
798;詩;13;1;"Gon, Gonben";シ;うた
1054;振;10;1;Tehen;シン、ふ-る、ふ-るう、ふ-れる;
1310;態;14;1;"Kokoro, Risshinben, Shitagokoro";タイ;わざ
1822;舗;15;1;"Hito, Ninben, Hitoyane";ホ;
2078;倫;10;1;"Hito, Ninben, Hitoyane";リン;
1055;浸;10;1;"Mizu, Sanzui, Shitamizu";シン、ひた-す、ひた-る;し
544;懸;20;1;"Kokoro, Risshinben, Shitagokoro";ケン、[ケ]、か-ける、か-かる;
800;飼;13;1;"Shoku, Shokuhen";シ、か-う;
1568;那;7;1;Oozato;ナ;
2080;隣;16;1;Kozatohen;リン、とな-る、となり;
1569;奈;8;1;Dai;ナ;
1825;墓;13;1;"Tsuchi, Tsuchihen";ボ、はか;
2081;臨;18;1;Shin;リン、のぞ-む;
290;艦;21;1;"Fune, Funehen";カン;
546;幻;4;1;Itogashira;ゲン、まぼろし;
802;雌;14;1;Furutori;シ、め、めす;
1826;慕;14;1;"Kokoro, Risshinben, Shitagokoro";ボ、した-う;
2082;瑠;14;1;"Tama, Oo";ル;
35;維;14;1;"Ito, Itohen";イ;
291;鑑;23;1;"Kane, Kanehen";カン、かんが-みる;かがみ
547;玄;5;1;Gen;ゲン;くろ
1059;紳;11;1;"Ito, Itohen";シン;
1571;梨;11;1;"Ki, Kihen";なし;リ
36;慰;15;1;"Kokoro, Risshinben, Shitagokoro";イ、なぐさ-める、なぐさ-む;
804;賜;15;1;"Kai, Kaihen";シ、たまわ-る;たまもの、たま
1828;簿;19;1;"Take, Takekanmuri";ボ;
2084;累;11;1;"Ito, Itohen";ルイ;
37;遺;15;1;Shinnyoo;イ、[ユイ];のこ
549;弦;8;1;"Yumi, Yumihen";ゲン、つる;
805;諮;16;1;"Gon, Gonben";シ、はか-る;
1317;滝;13;1;"Mizu, Sanzui, Shitamizu";たき;
2085;塁;12;1;"Tsuchi, Tsuchihen";ルイ;
38;緯;16;1;"Ito, Itohen";イ;よこいと
1062;診;12;1;"Gon, Gonben";シン、み-る;
1319;択;7;1;Tehen;タク;えら
1831;芳;7;1;Kusakanmuri;ホウ、かんば-しい;かお
1064;慎;13;1;"Kokoro, Risshinben, Shitagokoro";シン、つつし-む;
1320;沢;7;1;"Mizu, Sanzui, Shitamizu";タク、さわ;
1832;邦;7;1;Oozato;ホウ;くに
297;眼;11;1;"Me, Mehen";ガン、[ゲン]、まなこ;め
1321;卓;8;1;Juu;タク;
1833;奉;8;1;Dai;ホウ、[ブ]、たてまつ-る;
42;壱;7;1;Samurai;イチ;
298;頑;13;1;Oogai;ガン;
1066;審;15;1;Ukanmuri;シン;つまび
1322;拓;8;1;Tehen;タク;ひら
1578;尼;5;1;Shikabane;ニ、あま;
2090;励;7;1;Chikara;レイ、はげ-む、はげ-ます;
43;逸;11;1;Shinnyoo;イツ;イチ
555;源;13;1;"Mizu, Sanzui, Shitamizu";ゲン、みなもと;
1323;託;10;1;"Gon, Gonben";タク;かこつ
1579;弐;6;1;Shikigamae;ニ;
556;厳;17;1;Tsukanmuri;ゲン、[ゴン]、おごそ-か、きび-しい;
1068;薪;16;1;Kusakanmuri;シン、たきぎ;
45;芋;6;1;Kusakanmuri;いも;
301;企;6;1;"Hito, Ninben, Hitoyane";キ、くわだ-てる;
557;己;3;1;Onore;コ、キ、おのれ;
1325;諾;15;1;"Gon, Gonben";ダク;
2093;鈴;13;1;"Kane, Kanehen";レイ、リン、すず;
302;伎;6;1;"Hito, Ninben, Hitoyane";キ;
1326;濁;16;1;"Mizu, Sanzui, Shitamizu";ダク、にご-る、にご-す;ジョク
1582;虹;9;1;"Mushi, Mushihen";にじ;コウ
1838;泡;8;1;"Mizu, Sanzui, Shitamizu";ホウ、あわ;
815;侍;8;1;"Hito, Ninben, Hitoyane";ジ、さむらい;シ、はべ
1071;刃;3;1;"Katana, Rittoo";ジン、は;ニン
1327;但;7;1;"Hito, Ninben, Hitoyane";ただ-し;タン、た
1839;胞;9;1;"Niku, Nikuzuki";ホウ;
2095;霊;15;1;"Ame, Amekanmuri";レイ、リョウ、たま;
1072;仁;4;1;"Hito, Ninben, Hitoyane";ジン、[ニ];ひと
1840;俸;10;1;"Hito, Ninben, Hitoyane";ホウ;
2096;隷;16;1;Reizukuri;レイ;
1073;尽;6;1;Shikabane;ジン、つ-くす、つ-きる、つ-かす;ことごと
1329;脱;11;1;"Niku, Nikuzuki";ダツ、ぬ-ぐ、ぬ-げる;
1841;倣;10;1;"Hito, Ninben, Hitoyane";ホウ、なら-う;
50;姻;9;1;"Onna, Onnahen";イン;
306;岐;7;1;"Yama, Yamahen";キ;
1074;迅;6;1;Shinnyoo;ジン;
1330;奪;14;1;Dai;ダツ、うば-う;
1586;尿;7;1;Shikabane;ニョウ;
1842;峰;10;1;"Yama, Yamahen";ホウ、みね;ブ、プ
2098;麗;19;1;Shika;レイ、うるわ-しい;ライ
563;虎;8;1;Toragashira;コ、とら;
819;滋;12;1;"Mizu, Sanzui, Shitamizu";ジ;シ
1075;甚;9;1;Amai;ジン、はなは-だ、はなは-だしい;
1331;棚;12;1;"Ki, Kihen";たな;
1843;砲;10;1;"Ishi, Ishihen";ホウ;
2099;暦;14;1;"Nichi, Nichihen";レキ、こよみ;リャク
308;忌;7;1;"Kokoro, Risshinben, Shitagokoro";キ、い-む、い-まわしい;
564;孤;9;1;"Ko, Kohen";コ;
820;慈;13;1;"Kokoro, Risshinben, Shitagokoro";ジ、いつく-しむ;シ
1076;陣;10;1;Kozatohen;ジン;
1588;妊;7;1;"Onna, Onnahen";ニン;
1844;崩;11;1;"Yama, Yamahen";ホウ、くず-れる、くず-す;
309;汽;7;1;"Mizu, Sanzui, Shitamizu";キ;
565;弧;9;1;"Yumi, Yumihen";コ;
1077;尋;12;1;Sun;ジン、たず-ねる;ひろ
1333;丹;4;1;Ten;タン;に
1589;忍;7;1;"Kokoro, Risshinben, Shitagokoro";ニン、しの-ぶ、しの-ばせる;
54;陰;11;1;Kozatohen;イン、かげ、かげ-る;
310;奇;8;1;Dai;キ;く
822;磁;14;1;"Ishi, Ishihen";ジ;
1334;旦;5;1;"Nichi, Nichihen";タン、ダン;
2102;劣;6;1;Chikara;レツ、おと-る;
1079;須;12;1;Oogai;ス;シュ
1591;寧;14;1;Ukanmuri;ネイ;やす、むし
2103;烈;10;1;"Hi, Hihen, Renga";レツ;はげ
56;隠;14;1;Kozatohen;イン、かく-す、かく-れる;オン
2104;裂;12;1;"Koromo, Koromohen";レツ、さ-く、さ-ける;
57;韻;19;1;Oto;イン;
313;紀;9;1;"Ito, Itohen";キ;おさ、のり
825;鹿;11;1;Shika;しか、[か];ロク
1849;飽;13;1;"Shoku, Shokuhen";ホウ、あ-きる、あ-かす;
314;軌;9;1;"Kuruma, Kurumahen";キ;
1338;胆;9;1;"Niku, Nikuzuki";タン;きも、ぎも
1850;褒;15;1;"Koromo, Koromohen";ホウ、ほ-める;
315;既;10;1;Munyoo;キ、すで-に;
1083;垂;8;1;"Tsuchi, Tsuchihen";スイ、た-れる、た-らす;
1851;縫;16;1;"Ito, Itohen";ホウ、ぬ-う;
2107;廉;13;1;Madare;レン;かど
572;誇;13;1;"Gon, Gonben";コ、ほこ-る;
828;軸;12;1;"Kuruma, Kurumahen";ジク;
1084;炊;8;1;"Hi, Hihen, Renga";スイ、た-く;かし
1340;淡;11;1;"Mizu, Sanzui, Shitamizu";タン、あわ-い;
1596;粘;11;1;"Kome, Komehen";ネン、ねば-る;
573;鼓;13;1;Tsuzumi;コ、つづみ;
1085;帥;9;1;"Haba, Kinben";スイ;ソチ
1853;乏;4;1;No;ボウ、とぼ-しい;
2109;錬;16;1;"Kane, Kanehen";レン;ね
62;唄;10;1;"Kuchi, Kuchihen";[うた];バイ
318;飢;10;1;"Shoku, Shokuhen";キ、う-える;
1086;粋;10;1;"Kome, Komehen";スイ、いき;
1342;嘆;13;1;"Kuchi, Kuchihen";タン、なげ-く、なげ-かわしい;
2110;呂;7;1;"Kuchi, Kuchihen";ロ;リョ
319;鬼;10;1;"Oni, Kinyoo";キ、おに;
575;顧;21;1;Oogai;コ、かえり-みる;
1087;衰;10;1;"Koromo, Koromohen";スイ、おとろ-える;
1343;端;14;1;Tatsu;タン、はし、は、はた;ただ
1599;納;10;1;"Ito, Itohen";ノウ、[ナッ]、[ナ]、[ナン]、[トウ]、おさ-める、おさ-まる;い
2111;炉;8;1;"Hi, Hihen, Renga";ロ;
64;畝;10;1;"Ta, Tahen";うね;ポ、せ
1088;推;11;1;Tehen;スイ、お-す;
1856;妨;7;1;"Onna, Onnahen";ボウ、さまた-げる;
65;浦;10;1;"Mizu, Sanzui, Shitamizu";うら;ホ、ポ
833;疾;10;1;Yamaidare;シツ;や
1089;酔;11;1;"Tori, Torihen";スイ、よ-う;
1345;誕;15;1;"Gon, Gonben";タン;
834;執;11;1;"Tsuchi, Tsuchihen";シツ、シュウ、と-る;
1090;遂;12;1;Shinnyoo;スイ、と-げる;つい
1346;鍛;17;1;"Kane, Kanehen";タン、きた-える;
2114;露;21;1;"Ame, Amekanmuri";ロ、[ロウ]、つゆ;あらわ
579;呉;7;1;"Kuchi, Kuchihen";ゴ;くれ
1091;睡;13;1;"Me, Mehen";スイ;ねむ
1859;房;8;1;"To, Tokanmuri";ボウ、ふさ;ホウ
324;亀;11;1;"Otsu, Otsunyoo";キ、かめ;
1092;穂;15;1;"Nogi, Nogihen";スイ、ほ;
1604;把;7;1;Tehen;ハ;と
1860;肪;8;1;"Niku, Nikuzuki";ボウ;
581;娯;10;1;"Onna, Onnahen";ゴ;
837;漆;14;1;"Mizu, Sanzui, Shitamizu";シツ、うるし;
1093;随;12;1;Kozatohen;ズイ;したが
1861;某;9;1;"Ki, Kihen";ボウ;
326;幾;12;1;Itogashira;キ、いく;
582;悟;10;1;"Kokoro, Risshinben, Shitagokoro";ゴ、さと-る;
1094;髄;19;1;"Hone, Honehen";ズイ;
1606;派;9;1;"Mizu, Sanzui, Shitamizu";ハ;
1862;冒;9;1;Hirabi;ボウ、おか-す;
2118;郎;9;1;Oozato;ロウ;
327;揮;12;1;Tehen;キ;
583;碁;13;1;"Ishi, Ishihen";ゴ;キ
1095;枢;8;1;"Ki, Kihen";スウ;とぼそ
1351;弾;12;1;"Yumi, Yumihen";ダン、ひ-く、はず-む、たま;はじ
1863;剖;10;1;"Katana, Rittoo";ボウ;
2119;朗;10;1;"Tsuki, Tsukihen";ロウ、ほが-らか;
840;芝;6;1;Kusakanmuri;しば;シ
1096;崇;11;1;"Yama, Yamahen";スウ;シュウ、たか、あが
1352;暖;13;1;"Nichi, Nichihen";ダン、あたた-か、あたた-かい、あたた-まる、あたた-める;ノン
1608;覇;19;1;Nishi;ハ;
1864;紡;10;1;"Ito, Itohen";ボウ、つむ-ぐ;
2120;浪;10;1;"Mizu, Sanzui, Shitamizu";ロウ;なみ
329;棋;12;1;"Ki, Kihen";キ;
2121;廊;12;1;Madare;ロウ;
74;詠;12;1;"Gon, Gonben";エイ、よ-む;うた
330;貴;12;1;"Kai, Kaihen";キ、たっと-い、とうと-い、たっと-ぶ、とうと-ぶ;
586;護;20;1;"Gon, Gonben";ゴ;まも
1098;据;11;1;Tehen;す-える、す-わる;
1354;壇;16;1;"Tsuchi, Tsuchihen";ダン、[タン];
1610;婆;11;1;"Onna, Onnahen";バ;ポ
1866;傍;12;1;"Hito, Ninben, Hitoyane";ボウ、かたわ-ら;ホウ
2122;楼;13;1;"Ki, Kihen";ロウ;
75;影;15;1;Sanzukuri;エイ、かげ;ヨウ
331;棄;13;1;"Ki, Kihen";キ;す
1099;杉;7;1;"Ki, Kihen";すぎ;サン
2123;漏;14;1;"Mizu, Sanzui, Shitamizu";ロウ、も-る、も-れる、も-らす;
844;舎;8;1;"Hito, Ninben, Hitoyane";シャ;
77;衛;16;1;Gyoogamae;エイ;エ、まも
333;旗;14;1;"Hoo, Hoohen";キ、はた;
1101;寸;3;1;Sun;スン;
334;器;15;1;"Kuchi, Kuchihen";キ、うつわ;
846;射;10;1;Sun;シャ、い-る;
1102;瀬;19;1;"Mizu, Sanzui, Shitamizu";せ;
79;疫;9;1;Yamaidare;エキ、[ヤク];
591;孔;4;1;"Ko, Kohen";コウ;ク、あな
1103;是;9;1;"Nichi, Nichihen";ゼ;こ
1615;肺;9;1;"Niku, Nikuzuki";ハイ;
80;益;10;1;Sara;エキ、[ヤク];ますます、ま
336;輝;15;1;"Kuruma, Kurumahen";キ、かがや-く;て
592;功;5;1;Chikara;コウ、[ク];いさお
848;赦;11;1;Aka;シャ;ゆる
1104;井;4;1;Ni;セイ、[ショウ]、い;
1360;致;10;1;Itaru;チ、いた-す;
1616;俳;10;1;"Hito, Ninben, Hitoyane";ハイ;
1872;膨;16;1;"Niku, Nikuzuki";ボウ、ふく-らむ、ふく-れる;
593;巧;5;1;"E, Takumihen";コウ、たく-み;
849;斜;11;1;Tomasu;シャ、なな-め;
1873;謀;16;1;"Gon, Gonben";ボウ、[ム]、はか-る;
338;騎;18;1;"Uma, Umahen";キ;
850;煮;12;1;"Hi, Hihen, Renga";シャ、に-る、に-える、に-やす;
1362;痴;13;1;Yamaidare;チ;
1618;排;11;1;Tehen;ハイ;
83;悦;10;1;"Kokoro, Risshinben, Shitagokoro";エツ;よろこ
595;甲;5;1;"Ta, Tahen";コウ、カン;きのえ、かぶと
851;遮;14;1;Shinnyoo;シャ、さえぎ-る;
1363;稚;13;1;"Nogi, Nogihen";チ;いと、わか
2131;賄;13;1;"Kai, Kaihen";ワイ、まかな-う;
340;宜;8;1;Ukanmuri;ギ;よろ、むべ
852;謝;17;1;"Gon, Gonben";シャ、あやま-る;
1620;廃;12;1;Madare;ハイ、すた-れる、すた-る;
85;謁;15;1;"Gon, Gonben";エツ;
341;偽;11;1;"Hito, Ninben, Hitoyane";ギ、いつわ-る、にせ;
853;邪;8;1;Oozato;ジャ;よこしま、や
1621;輩;15;1;"Kuruma, Kurumahen";ハイ;ともがら
1877;朴;6;1;"Ki, Kihen";ボク;ほお
2133;惑;12;1;"Kokoro, Risshinben, Shitagokoro";ワク、まど-う;
86;閲;15;1;Mongamae;エツ;
342;欺;12;1;Akubi;ギ、あざむ-く;
854;蛇;11;1;"Mushi, Mushihen";ジャ、ダ、へび;
1878;牧;8;1;"Ushi, Ushihen";ボク、まき;モク、か、が
2134;枠;8;1;"Ki, Kihen";わく;
343;義;13;1;Hitsuji;ギ;よ
599;后;6;1;"Kuchi, Kuchihen";コウ;ゴ、きさき
855;尺;4;1;Shikabane;シャク;セキ
1879;睦;13;1;"Me, Mehen";ボク;むつ
1368;逐;10;1;Shinnyoo;チク;お
1624;梅;10;1;"Ki, Kihen";バイ、うめ;メ
1880;僕;14;1;"Hito, Ninben, Hitoyane";ボク;
89;沿;8;1;"Mizu, Sanzui, Shitamizu";エン、そ-う;
345;儀;15;1;"Hito, Ninben, Hitoyane";ギ;
601;江;6;1;"Mizu, Sanzui, Shitamizu";コウ、え;
857;酌;10;1;"Tori, Torihen";シャク、く-む;
1113;征;8;1;Gyooninben;セイ;い、ゆ
1369;蓄;13;1;Kusakanmuri;チク、たくわ-える;
1625;培;11;1;"Tsuchi, Tsuchihen";バイ、つちか-う;
1881;墨;14;1;"Tsuchi, Tsuchihen";ボク、すみ;
90;炎;8;1;"Hi, Hihen, Renga";エン、ほのお;
346;戯;15;1;"Hokogamae, Hokozukuri";ギ、たわむ-れる;ゲ、ざ
858;釈;11;1;Nogome;シャク;
1626;陪;11;1;Kozatohen;バイ;
1882;撲;15;1;Tehen;ボク;
347;擬;17;1;Tehen;ギ;
859;爵;17;1;Tsumekanmuri;シャク;
1371;秩;10;1;"Nogi, Nogihen";チツ;
1627;媒;12;1;"Onna, Onnahen";バイ;なかだち、なこうど
1883;没;7;1;"Mizu, Sanzui, Shitamizu";ボツ;モツ、モッ
92;宴;10;1;Ukanmuri;エン;うたげ
348;犠;17;1;"Ushi, Ushihen";ギ;
604;坑;7;1;"Tsuchi, Tsuchihen";コウ;あな
1116;斉;8;1;Sei;セイ;ザイ、ひと
1372;窒;11;1;"Ana, Anakanmuri";チツ;
93;媛;12;1;"Onna, Onnahen";エン;ひめ
605;孝;7;1;"Ko, Kohen";コウ;
1629;賠;15;1;"Kai, Kaihen";バイ;
1885;堀;11;1;"Tsuchi, Tsuchihen";ほり;ほ
94;援;12;1;Tehen;エン;
350;菊;11;1;Kusakanmuri;キク;
606;抗;7;1;Tehen;コウ;あ
862;寂;11;1;Ukanmuri;ジャク、[セキ]、さび、さび-しい、さび-れる;
351;吉;6;1;"Kuchi, Kuchihen";キチ、キツ;よ
607;攻;7;1;Nobun;コウ、せ-める;おさ
1119;牲;9;1;"Ushi, Ushihen";セイ;
1375;嫡;14;1;"Onna, Onnahen";チャク;
1631;伯;7;1;"Hito, Ninben, Hitoyane";ハク;
1887;奔;8;1;Dai;ホン;
1632;拍;8;1;Tehen;ハク、[ヒョウ];
1888;翻;18;1;Hane;ホン、ひるがえ-る、ひるがえ-す;
97;猿;13;1;"Inu, Kemonohen";エン、さる;
1889;凡;3;1;Tsukue;ボン、[ハン];
354;却;7;1;"Fushizukuri, Warifu";キャク;かえ
866;朱;6;1;"Ki, Kihen";シュ;ス、あか、あけ
1122;逝;10;1;Shinnyoo;セイ、ゆ-く、い-く;
1634;迫;8;1;Shinnyoo;ハク、せま-る;
1890;盆;9;1;Sara;ボン;
99;鉛;13;1;"Kane, Kanehen";エン、なまり;
611;拘;8;1;Tehen;コウ;かかわ
1379;沖;7;1;"Mizu, Sanzui, Shitamizu";チュウ、おき;
1891;麻;11;1;Asa;マ、あさ;
356;脚;11;1;"Niku, Nikuzuki";キャク、[キャ]、あし;
868;狩;9;1;"Inu, Kemonohen";シュ、か-る、か-り;
1124;盛;11;1;Sara;セイ、[ジョウ]、も-る、さか-る、さか-ん;
1380;宙;8;1;Ukanmuri;チュウ;
1636;舶;11;1;"Fune, Funehen";ハク;
1892;摩;15;1;Te;マ;す
613;侯;9;1;"Hito, Ninben, Hitoyane";コウ;
1125;婿;12;1;"Onna, Onnahen";セイ、むこ;
1381;忠;8;1;"Kokoro, Risshinben, Shitagokoro";チュウ;
1637;博;12;1;Juu;ハク、[バク];ひろ
102;縁;15;1;"Ito, Itohen";エン、ふち;えにし、へり、よ
358;虐;9;1;Toragashira;ギャク、しいた-げる;
870;殊;10;1;Kabanehen;シュ、こと;
1382;抽;8;1;Tehen;チュウ;ひ
1894;魔;21;1;"Oni, Kinyoo";マ;
103;艶;19;1;Iro;エン、つや;
615;恒;9;1;"Kokoro, Risshinben, Shitagokoro";コウ;つね、づね
871;珠;10;1;"Tama, Oo";シュ;ス、ズ、たま、だま
616;洪;9;1;"Mizu, Sanzui, Shitamizu";コウ;
1128;聖;13;1;"Mimi, Mimihen";セイ;ショウ、ひじり
1640;漠;13;1;"Mizu, Sanzui, Shitamizu";バク;ひろ
361;及;3;1;No;キュウ、およ-ぶ、およ-び、およ-ぼす;
617;皇;9;1;Shiro;コウ、オウ;すめらぎ
1129;誠;13;1;"Gon, Gonben";セイ、まこと;ジョウ
1641;縛;16;1;"Ito, Itohen";バク、しば-る;
106;凹;5;1;Ukebako;オウ;
362;弓;3;1;"Yumi, Yumihen";キュウ、ゆみ;
1386;衷;10;1;"Koromo, Koromohen";チュウ;
363;丘;5;1;Ichi;キュウ、おか;ク
875;趣;15;1;"Hashiru, Soonyoo";シュ、おもむき;
1131;製;14;1;"Koromo, Koromohen";セイ;
1132;誓;14;1;"Gon, Gonben";セイ、ちか-う;
1388;鋳;15;1;"Kane, Kanehen";チュウ、い-る;ス
1900;幕;13;1;"Haba, Kinben";マク、バク;
109;往;8;1;Gyooninben;オウ;い、ゆ
1901;膜;14;1;"Niku, Nikuzuki";マク;
1134;請;15;1;"Gon, Gonben";セイ、[シン]、こ-う、う-ける;ショウ、ジョウ
111;旺;8;1;"Nichi, Nichihen";オウ;
367;朽;6;1;"Ki, Kihen";キュウ、く-ちる;
1903;又;2;1;Mata;また;
880;需;14;1;"Ame, Amekanmuri";ジュ;
1392;丁;2;1;Ichi;チョウ、テイ;ひのと
1648;鉢;13;1;"Kane, Kanehen";ハチ、[ハツ];
113;殴;8;1;Rumata;オウ、なぐ-る;
881;儒;16;1;"Hito, Ninben, Hitoyane";ジュ;
1393;弔;4;1;"Yumi, Yumihen";チョウ、とむら-う;
1905;抹;8;1;Tehen;マツ;
114;桜;10;1;"Ki, Kihen";オウ、さくら;
626;貢;10;1;"Kai, Kaihen";コウ、[ク]、みつ-ぐ;
882;樹;16;1;"Ki, Kihen";ジュ;ズ、き、た、ぎ
115;翁;10;1;Hane;オウ;おきな
371;泣;8;1;"Mizu, Sanzui, Shitamizu";キュウ、な-く;
1139;斥;5;1;"Kin, Onozukuri";セキ;しりぞ
1651;伐;6;1;"Hito, Ninben, Hitoyane";バツ;き、う
884;囚;5;1;Kunigamae;シュウ;とら
1908;慢;14;1;"Kokoro, Risshinben, Shitagokoro";マン;
373;級;9;1;"Ito, Itohen";キュウ;しな
1653;罰;14;1;Amigashira;バツ、バチ;
1909;漫;14;1;"Mizu, Sanzui, Shitamizu";マン;
118;岡;8;1;"Yama, Yamahen";[おか];コウ
374;糾;9;1;"Ito, Itohen";キュウ;ただ
630;控;11;1;Tehen;コウ、ひか-える;
1398;挑;9;1;Tehen;チョウ、いど-む;
1654;閥;14;1;Mongamae;バツ;
375;宮;10;1;Ukanmuri;キュウ、グウ、[ク]、みや;
887;秀;7;1;"Nogi, Nogihen";シュウ、ひい-でる;
1143;析;8;1;"Ki, Kihen";セキ;
1399;帳;11;1;"Haba, Kinben";チョウ;とばり
376;救;11;1;Nobun;キュウ、すく-う;ク
1912;魅;15;1;"Oni, Kinyoo";ミ;
121;憶;16;1;"Kokoro, Risshinben, Shitagokoro";オク;おぼ
889;宗;8;1;Ukanmuri;シュウ、ソウ;ソ、むね
1401;彫;11;1;Sanzukuri;チョウ、ほ-る;え
1913;岬;8;1;"Yama, Yamahen";みさき;
1146;隻;10;1;Furutori;セキ;
1402;眺;11;1;"Me, Mehen";チョウ、なが-める;
1914;密;11;1;Ukanmuri;ミツ;ひそ
123;虞;13;1;Toragashira;おそれ;グ
1147;惜;11;1;"Kokoro, Risshinben, Shitagokoro";セキ、お-しい、お-しむ;シャク
1403;釣;11;1;"Kane, Kanehen";チョウ、つ-る;
1659;帆;6;1;"Haba, Kinben";ハン、ほ;
124;乙;1;1;"Otsu, Otsunyoo";オツ;
380;窮;15;1;"Ana, Anakanmuri";キュウ、きわ-める、きわ-まる;
892;臭;9;1;Mizukara;シュウ、くさ-い、にお-う;
1916;脈;10;1;"Niku, Nikuzuki";ミャク;
637;絞;12;1;"Ito, Itohen";コウ、しぼ-る、し-める、し-まる;
1661;伴;7;1;"Hito, Ninben, Hitoyane";ハン、バン、ともな-う;とも
1917;妙;7;1;"Onna, Onnahen";ミョウ;たえ
126;卸;9;1;"Fushizukuri, Warifu";おろ-す、おろし;
638;項;12;1;Oogai;コウ;うなじ
1150;跡;13;1;"Ashi, Ashihen";セキ、あと;
639;溝;13;1;"Mizu, Sanzui, Shitamizu";コウ、みぞ;
128;恩;10;1;"Kokoro, Risshinben, Shitagokoro";オン;
1920;矛;5;1;Hoko;ム、ほこ;
385;拒;8;1;Tehen;キョ、こば-む;
1153;籍;20;1;"Take, Takekanmuri";セキ;
1409;腸;13;1;"Niku, Nikuzuki";チョウ;はらわた
130;穏;16;1;"Nogi, Nogihen";オン、おだ-やか;
386;拠;8;1;Tehen;キョ、コ;よりどころ、よ
642;綱;14;1;"Ito, Itohen";コウ、つな;
1410;跳;13;1;"Ashi, Ashihen";チョウ、は-ねる、と-ぶ;
387;挙;10;1;Te;キョ、あ-げる、あ-がる;コ
643;酵;14;1;"Tori, Torihen";コウ;
899;就;12;1;Dainomageashi;シュウ、[ジュ]、つ-く、つ-ける;な
1411;徴;14;1;Gyooninben;チョウ;
1667;班;10;1;"Tama, Oo";ハン;
388;虚;11;1;Toragashira;キョ、[コ];むな
644;稿;15;1;"Nogi, Nogihen";コウ;
900;衆;12;1;Chi;シュウ、[シュ];ス
1156;拙;8;1;Tehen;セツ、つたな-い;
1668;畔;10;1;"Ta, Tahen";ハン;ほとり、あぜ、くろ、ぐろ
1924;霧;19;1;"Ame, Amekanmuri";ム、きり;
645;興;16;1;Usu;コウ、キョウ、おこ-る、おこ-す;お
1157;窃;9;1;"Ana, Anakanmuri";セツ;
1413;潮;15;1;"Mizu, Sanzui, Shitamizu";チョウ、しお;うしお
390;距;12;1;"Ashi, Ashihen";キョ;
646;衡;16;1;Gyoogamae;コウ;
902;愁;13;1;"Kokoro, Risshinben, Shitagokoro";シュウ、うれ-える、うれ-い;
1414;澄;15;1;"Mizu, Sanzui, Shitamizu";チョウ、す-む、す-ます;
647;鋼;16;1;"Kane, Kanehen";コウ、はがね;
903;酬;13;1;"Tori, Torihen";シュウ;むく
904;醜;17;1;"Tori, Torihen";シュウ、みにく-い;しこ
1416;聴;17;1;"Mimi, Mimihen";チョウ、き-く;
649;購;17;1;"Kai, Kaihen";コウ;あがな
1161;摂;13;1;Tehen;セツ;と
1417;懲;18;1;"Kokoro, Risshinben, Shitagokoro";チョウ、こ-りる、こ-らす、こ-らしめる;
1673;搬;13;1;Tehen;ハン;
394;凶;4;1;Ukebako;キョウ;
906;襲;22;1;"Koromo, Koromohen";シュウ、おそ-う;かさ
1674;煩;13;1;"Hi, Hihen, Renga";ハン、[ボン]、わずら-う、わずら-わす;
139;佳;8;1;"Hito, Ninben, Hitoyane";カ;ケ、よ
1419;勅;9;1;Chikara;チョク;みことのり
1675;頒;13;1;Oogai;ハン;
1931;盟;13;1;Sara;メイ;
908;汁;5;1;"Mizu, Sanzui, Shitamizu";ジュウ、しる;
1164;舌;6;1;Shita;ゼツ、した;
1676;範;15;1;"Take, Takekanmuri";ハン;のり
1932;銘;14;1;"Kane, Kanehen";メイ;
397;狂;7;1;"Inu, Kemonohen";キョウ、くる-う、くる-おしい;
653;拷;9;1;Tehen;ゴウ;
909;充;6;1;Hitoashi;ジュウ、あ-てる;み
1677;繁;16;1;"Ito, Itohen";ハン;しげ
654;剛;10;1;"Katana, Rittoo";ゴウ;コウ、つよ
1678;藩;18;1;Kusakanmuri;ハン;
1934;滅;13;1;"Mizu, Sanzui, Shitamizu";メツ、ほろ-びる、ほろ-ぼす;メチ
399;享;8;1;Nabebuta;キョウ;
1423;朕;10;1;"Tsuki, Tsukihen";チン;
1935;免;8;1;Hitoashi;メン、まぬか-れる;
656;豪;14;1;Inoko;ゴウ;つよ
1168;仙;5;1;"Hito, Ninben, Hitoyane";セン;
1424;陳;11;1;Kozatohen;チン;ジン、の
145;架;9;1;"Ki, Kihen";カ、か-ける、か-かる;
657;克;7;1;Hitoashi;コク;か、よ
913;従;10;1;Gyooninben;ジュウ、[ショウ]、[ジュ]、したが-う、したが-える;
1681;蛮;12;1;"Mushi, Mushihen";バン;
914;渋;11;1;"Mizu, Sanzui, Shitamizu";ジュウ、しぶ、しぶ-い、しぶ-る;
1426;鎮;18;1;"Kane, Kanehen";チン、しず-める、しず-まる;
1682;盤;15;1;Sara;バン;ハン
403;峡;9;1;"Yama, Yamahen";キョウ;
915;銃;14;1;"Kane, Kanehen";ジュウ;
1171;宣;9;1;Ukanmuri;セン;のたま、の
1939;茂;8;1;Kusakanmuri;モ、しげ-る;ム
916;獣;16;1;"Inu, Kemonohen";ジュウ、けもの;
1428;椎;12;1;"Ki, Kihen";ツイ;しい
1940;模;14;1;"Ki, Kihen";モ、ボ;
149;華;10;1;Kusakanmuri;カ、[ケ]、はな;
405;狭;9;1;"Inu, Kemonohen";キョウ、せま-い、せば-める、せば-まる;さ
917;縦;16;1;"Ito, Itohen";ジュウ、たて;ショウ、ほしいまま
1429;墜;15;1;"Tsuchi, Tsuchihen";ツイ;お
1685;妃;6;1;"Onna, Onnahen";ヒ;
918;叔;8;1;Mata;シュク;
1942;妄;6;1;"Onna, Onnahen";モウ、ボウ;
407;恭;10;1;"Kokoro, Risshinben, Shitagokoro";キョウ、うやうや-しい;ク
663;穀;14;1;"Nogi, Nogihen";コク;
1943;盲;8;1;"Me, Mehen";モウ;
152;渦;12;1;"Mizu, Sanzui, Shitamizu";カ、うず;
664;酷;14;1;"Tori, Torihen";コク;きび
1176;染;9;1;"Ki, Kihen";セン、そ-める、そ-まる、し-みる、し-み;
1432;塚;12;1;"Tsuchi, Tsuchihen";つか;
1944;耗;10;1;Sukihen;モウ、[コウ];
409;脅;10;1;"Niku, Nikuzuki";キョウ、おびや-かす、おど-す、おど-かす;おび
665;獄;14;1;"Inu, Kemonohen";ゴク;ひとや
921;淑;11;1;"Mizu, Sanzui, Shitamizu";シュク;しと、よ
1177;扇;10;1;"To, Tokanmuri";セン、おうぎ;
1433;漬;14;1;"Mizu, Sanzui, Shitamizu";つ-ける、つ-かる;
1689;披;8;1;Tehen;ヒ;
1945;猛;11;1;"Inu, Kemonohen";モウ;たけだけ、たけ
154;嫁;13;1;"Onna, Onnahen";カ、よめ、とつ-ぐ;
922;粛;11;1;Fudezukuri;シュク;
1178;栓;10;1;"Ki, Kihen";セン;
1434;坪;8;1;"Tsuchi, Tsuchihen";つぼ;
1690;肥;8;1;"Niku, Nikuzuki";ヒ、こ-える、こえ、こ-やす、こ-やし;
1946;網;14;1;"Ito, Itohen";モウ、あみ;
155;暇;13;1;"Nichi, Nichihen";カ、ひま;いとま
667;駒;15;1;"Uma, Umahen";こま;ク
923;縮;17;1;"Ito, Itohen";シュク、ちぢ-む、ちぢ-まる、ちぢ-める、ちぢ-れる、ちぢ-らす;
1179;旋;11;1;"Hoo, Hoohen";セン;つ
156;禍;13;1;"Shimesu, Shimesuhen";カ;ワ
412;郷;11;1;Oozato;キョウ、ゴウ;さと
924;塾;14;1;"Tsuchi, Tsuchihen";ジュク;
1436;鶴;21;1;Tori;つる;カク
1692;卑;9;1;Juu;ヒ、いや-しい、いや-しむ、いや-しめる;
1948;黙;15;1;Kuro;モク、だま-る;もだ
925;熟;15;1;"Hi, Hihen, Renga";ジュク、う-れる;
158;寡;14;1;Ukanmuri;カ;やもめ
1438;呈;7;1;"Kuchi, Kuchihen";テイ;
1950;紋;10;1;"Ito, Itohen";モン;
415;矯;17;1;"Ya, Yahen";キョウ、た-める;
1439;廷;7;1;Ennyoo;テイ;
1695;秘;10;1;"Nogi, Nogihen";ヒ、ひ-める;
160;箇;14;1;"Take, Takekanmuri";カ;
416;鏡;19;1;"Kane, Kanehen";キョウ、かがみ;
672;昆;8;1;"Nichi, Nichihen";コン;
1952;冶;7;1;Nisui;ヤ;
161;稼;15;1;"Nogi, Nogihen";カ、かせ-ぐ;
673;恨;9;1;"Kokoro, Risshinben, Shitagokoro";コン、うら-む、うら-めしい;
929;俊;9;1;"Hito, Ninben, Hitoyane";シュン;
418;響;20;1;Oto;キョウ、ひび-く;
1186;践;13;1;"Ashi, Ashihen";セン;ふ
1698;扉;12;1;"To, Tokanmuri";ヒ、とびら;
163;蚊;10;1;"Mushi, Mushihen";か;
419;驚;22;1;"Uma, Umahen";キョウ、おどろ-く、おどろ-かす;
931;瞬;18;1;"Me, Mehen";シュン、またた-く;
1443;抵;8;1;Tehen;テイ;
1955;弥;8;1;"Yumi, Yumihen";や;ビ、ミ、わた
420;仰;6;1;"Hito, Ninben, Hitoyane";ギョウ、[コウ]、あお-ぐ、おお-せ;
932;旬;6;1;"Nichi, Nichihen";ジュン、[シュン];
1188;銭;14;1;"Kane, Kanehen";セン、ぜに;
1444;邸;8;1;Oozato;テイ;やしき
1700;碑;14;1;"Ishi, Ishihen";ヒ;いしぶみ
1956;厄;4;1;Gandare;ヤク;
421;暁;12;1;"Nichi, Nichihen";ギョウ、あかつき;キョウ
933;巡;6;1;Magarigawa;ジュン、めぐ-る;
1189;潜;15;1;"Mizu, Sanzui, Shitamizu";セン、ひそ-む、もぐ-る;くぐ
1445;亭;9;1;Nabebuta;テイ;チン
1701;罷;15;1;Amigashira;ヒ;まか、や
166;我;7;1;"Hokogamae, Hokozukuri";ガ、われ、わ;
678;紺;11;1;"Ito, Itohen";コン;
934;盾;9;1;"Me, Mehen";ジュン、たて;
1446;貞;9;1;"Kai, Kaihen";テイ;ジョウ
1702;避;16;1;Shinnyoo;ヒ、さ-ける;
423;凝;16;1;Nisui;ギョウ、こ-る、こ-らす;
679;魂;14;1;"Oni, Kinyoo";コン、たましい;
935;准;10;1;Nisui;ジュン;
1191;遷;15;1;Shinnyoo;セン;うつ
1447;帝;9;1;"Haba, Kinben";テイ;タイ、みかど
1703;尾;7;1;Shikabane;ビ、お;ミ
1959;訳;11;1;"Gon, Gonben";ヤク、わけ;
168;芽;8;1;Kusakanmuri;ガ、め;
680;墾;16;1;"Tsuchi, Tsuchihen";コン;
936;殉;10;1;Kabanehen;ジュン;
1448;訂;9;1;"Gon, Gonben";テイ;
1704;眉;9;1;"Me, Mehen";ビ、[ミ]、まゆ;
169;賀;12;1;"Kai, Kaihen";ガ;カ
681;懇;17;1;"Kokoro, Risshinben, Shitagokoro";コン、ねんご-ろ;
1193;薦;16;1;Kusakanmuri;セン、すす-める;
1961;躍;21;1;"Ashi, Ashihen";ヤク、おど-る;
170;雅;13;1;Furutori;ガ;みやび
938;循;12;1;Gyooninben;ジュン;
1194;繊;17;1;"Ito, Itohen";セン;
1450;逓;10;1;Shinnyoo;テイ;
171;餓;15;1;"Shoku, Shokuhen";ガ;う
683;佐;7;1;"Hito, Ninben, Hitoyane";サ;たす
1195;鮮;17;1;"Uo, Uohen";セン、あざ-やか;
1707;微;13;1;Gyooninben;ビ;ミ、かす
684;沙;7;1;"Mizu, Sanzui, Shitamizu";サ;シャ、すな
1452;偵;11;1;"Hito, Ninben, Hitoyane";テイ;
429;斤;4;1;"Kin, Onozukuri";キン;
941;潤;15;1;"Mizu, Sanzui, Shitamizu";ジュン、うるお-う、うるお-す、うる-む;
1453;堤;12;1;"Tsuchi, Tsuchihen";テイ、つつみ;
942;遵;15;1;Shinnyoo;ジュン;
1454;提;12;1;Tehen;テイ、さ-げる;ダイ、ひっさ、ひ
1966;愉;12;1;"Kokoro, Risshinben, Shitagokoro";ユ;たの
687;唆;10;1;"Kuchi, Kuchihen";サ、そそのか-す;
1967;諭;16;1;"Gon, Gonben";ユ、さと-す;
1200;禅;13;1;"Shimesu, Shimesuhen";ゼン;
1456;艇;13;1;"Fune, Funehen";テイ;
177;戒;7;1;"Hokogamae, Hokozukuri";カイ、いまし-める;
433;菌;11;1;Kusakanmuri;キン;
689;詐;12;1;"Gon, Gonben";サ;いつわ
1201;漸;14;1;"Mizu, Sanzui, Shitamizu";ゼン;ようや
1457;締;15;1;"Ito, Itohen";テイ、し-まる、し-める;
1713;泌;8;1;"Mizu, Sanzui, Shitamizu";ヒツ、ヒ;
1969;癒;18;1;Yamaidare;ユ、い-える、い-やす;
690;鎖;18;1;"Kane, Kanehen";サ、くさり;と
1970;唯;11;1;"Kuchi, Kuchihen";ユイ、[イ];た
179;怪;8;1;"Kokoro, Risshinben, Shitagokoro";カイ、あや-しい、あや-しむ;ケ
435;琴;12;1;"Tama, Oo";キン、こと;ゴン
947;庶;11;1;Madare;ショ;
1203;繕;18;1;"Ito, Itohen";ゼン、つくろ-う;
1715;姫;10;1;"Onna, Onnahen";ひめ;キ
180;拐;8;1;Tehen;カイ;かどわか
436;筋;12;1;"Take, Takekanmuri";キン、すじ;
1204;狙;8;1;"Inu, Kemonohen";ソ、ねら-う;
181;悔;9;1;"Kokoro, Risshinben, Shitagokoro";カイ、く-いる、く-やむ、くや-しい;ゲ
1205;阻;8;1;Kozatohen;ソ、はば-む;
1461;笛;11;1;"Take, Takekanmuri";テキ、ふえ;
1462;摘;14;1;Tehen;テキ、つ-む;
1974;幽;9;1;Itogashira;ユウ;かす
439;緊;15;1;"Ito, Itohen";キン;し
695;災;7;1;"Hi, Hihen, Renga";サイ、わざわ-い;
1207;租;10;1;"Nogi, Nogihen";ソ;
1719;俵;10;1;"Hito, Ninben, Hitoyane";ヒョウ、たわら;
1975;悠;11;1;"Kokoro, Risshinben, Shitagokoro";ユウ;はる
440;錦;16;1;"Kane, Kanehen";キン、にしき;
1208;素;10;1;"Ito, Itohen";ソ、ス;もと、しろ
1720;票;11;1;"Shimesu, Shimesuhen";ヒョウ;
441;謹;17;1;"Gon, Gonben";キン、つつし-む;
697;采;8;1;Nogome;サイ;
953;如;6;1;"Onna, Onnahen";ジョ、ニョ;ごと、し
1209;措;11;1;Tehen;ソ;お
1465;敵;15;1;Nobun;テキ、かたき;
1977;湧;12;1;"Mizu, Sanzui, Shitamizu";ユウ、わ-く;
442;襟;18;1;"Koromo, Koromohen";キン、えり;
698;砕;9;1;"Ishi, Ishihen";サイ、くだ-く、くだ-ける;
1210;粗;11;1;"Kome, Komehen";ソ、あら-い;ほぼ
1722;漂;14;1;"Mizu, Sanzui, Shitamizu";ヒョウ、ただよ-う;
1978;猶;12;1;"Inu, Kemonohen";ユウ;なお
443;吟;7;1;"Kuchi, Kuchihen";ギン;
699;宰;10;1;Ukanmuri;サイ;
955;序;7;1;Madare;ジョ;つい
1467;迭;8;1;Shinnyoo;テツ;
1979;裕;12;1;"Koromo, Koromohen";ユウ;ユ
700;栽;10;1;"Ki, Kihen";サイ;
956;叙;9;1;Mata;ジョ;
1212;疎;12;1;Hiki;ソ、うと-い、うと-む;まば
1468;哲;10;1;"Kuchi, Kuchihen";テツ;あき
1724;苗;8;1;Kusakanmuri;ビョウ、なえ、[なわ];ミョウ
189;塊;13;1;"Tsuchi, Tsuchihen";カイ、かたまり;
701;彩;11;1;Sanzukuri;サイ、いろど-る;
957;徐;10;1;Gyooninben;ジョ;おもむ
1213;訴;12;1;"Gon, Gonben";ソ、うった-える;
1981;雄;12;1;Furutori;ユウ、お、おす;ユ
446;句;5;1;"Kuchi, Kuchihen";ク;
1214;塑;13;1;"Tsuchi, Tsuchihen";ソ;
1470;徹;15;1;Gyooninben;テツ;とお
1982;誘;14;1;"Gon, Gonben";ユウ、さそ-う;
1471;撤;15;1;Tehen;テツ;
1727;描;11;1;Tehen;ビョウ、えが-く、か-く;
1983;憂;15;1;"Kokoro, Risshinben, Shitagokoro";ユウ、うれ-える、うれ-い、う-い;
448;駆;14;1;"Uma, Umahen";ク、か-ける、か-る;
960;升;4;1;Juu;ショウ、ます;
1216;礎;18;1;"Ishi, Ishihen";ソ、いしずえ;
1984;融;16;1;"Mushi, Mushihen";ユウ;と、ど
193;壊;16;1;"Tsuchi, Tsuchihen";カイ、こわ-す、こわ-れる;エ
705;斎;11;1;Sei;サイ;いつき、とき
1473;典;8;1;Hachi;テン;のり、つね
194;懐;16;1;"Kokoro, Risshinben, Shitagokoro";カイ、ふところ、なつ-かしい、なつ-かしむ、なつ-く、なつ-ける;いだ
1218;壮;6;1;Samurai;ソウ;
1730;浜;10;1;"Mizu, Sanzui, Shitamizu";ヒン、はま;
451;愚;13;1;"Kokoro, Risshinben, Shitagokoro";グ、おろ-か;
963;匠;6;1;Hakogamae;ショウ;たくみ
1732;賓;15;1;"Kai, Kaihen";ヒン;まろうど
709;裁;12;1;"Koromo, Koromohen";サイ、た-つ、さば-く;
965;抄;7;1;Tehen;ショウ;
1477;添;11;1;"Mizu, Sanzui, Shitamizu";テン、そ-える、そ-う;
1733;頻;17;1;Oogai;ヒン;しき
1989;誉;13;1;"Gon, Gonben";ヨ、ほま-れ;ほ
198;劾;8;1;Chikara;ガイ;
454;遇;12;1;Shinnyoo;グウ;あ
710;債;13;1;"Hito, Ninben, Hitoyane";サイ;
966;肖;7;1;"Niku, Nikuzuki";ショウ;
1222;奏;9;1;Dai;ソウ、かな-でる;
1734;敏;10;1;Nobun;ビン;さと、と、ざと
711;催;13;1;"Hito, Ninben, Hitoyane";サイ、もよお-す;
967;尚;8;1;Shoo;ショウ;たか、ひさ、な
1735;瓶;11;1;Kawara;ビン;ヘイ、かめ、がめ
1224;荘;9;1;Kusakanmuri;ソウ;ショウ、ジョウ
201;涯;11;1;"Mizu, Sanzui, Shitamizu";ガイ;
457;屈;8;1;Shikabane;クツ;かが
1993;羊;6;1;Hitsuji;ヨウ、ひつじ;
202;街;12;1;Gyoogamae;ガイ、[カイ]、まち;
714;載;13;1;"Kuruma, Kurumahen";サイ、の-せる、の-る;
203;慨;13;1;"Kokoro, Risshinben, Shitagokoro";ガイ;
971;松;8;1;"Ki, Kihen";ショウ、まつ;
1227;倉;10;1;"Hito, Ninben, Hitoyane";ソウ、くら;
460;熊;14;1;"Hi, Hihen, Renga";くま;ユウ
972;沼;8;1;"Mizu, Sanzui, Shitamizu";ショウ、ぬま;
1484;斗;4;1;Tomasu;ト;
205;該;13;1;"Gon, Gonben";ガイ;
461;繰;19;1;"Ito, Itohen";く-る;
973;昭;9;1;"Nichi, Nichihen";ショウ;あき、て
1229;挿;10;1;Tehen;ソウ、さ-す;
1485;吐;6;1;"Kuchi, Kuchihen";ト、は-く;
1741;扶;7;1;Tehen;フ;
206;概;14;1;"Ki, Kihen";ガイ;おおむ
974;宵;10;1;Ukanmuri;ショウ、よい;
1230;桑;10;1;"Ki, Kihen";ソウ、くわ;
1998;庸;11;1;Madare;ヨウ;つね
719;剤;10;1;"Katana, Rittoo";ザイ;
1231;巣;11;1;Tsukanmuri;ソウ、す;
1999;揚;12;1;Tehen;ヨウ、あ-げる、あ-がる;
208;垣;9;1;"Tsuchi, Tsuchihen";かき;
464;勲;15;1;Chikara;クン;いさお
2000;揺;12;1;Tehen;ヨウ、ゆ-れる、ゆ-る、ゆ-らぐ、ゆ-るぐ、ゆ-する、ゆ-さぶる、ゆ-すぶる;
465;薫;16;1;Kusakanmuri;クン、かお-る;
977;症;10;1;Yamaidare;ショウ;
1233;曹;11;1;Hirabi;ソウ;
1745;附;8;1;Kozatohen;フ;つ、づ
722;崎;11;1;"Yama, Yamahen";さき;キ
978;祥;10;1;"Shimesu, Shimesuhen";ショウ;
467;郡;10;1;Oozato;グン;こおり、ごおり
979;称;10;1;"Nogi, Nogihen";ショウ;とな、たた
1235;爽;11;1;"Meme, Kou";ソウ、さわ-やか;
724;削;9;1;"Katana, Rittoo";サク、けず-る;
1748;赴;9;1;"Hashiru, Soonyoo";フ、おもむ-く;
981;唱;11;1;"Kuchi, Kuchihen";ショウ、とな-える;うた
1237;創;12;1;"Katana, Rittoo";ソウ、つく-る;はじ
470;刑;6;1;"Katana, Rittoo";ケイ;ギョウ
1238;喪;12;1;"Kuchi, Kuchihen";ソウ、も;うしな
1494;奴;5;1;"Onna, Onnahen";ド;ヌ、やっこ、やつ
215;核;10;1;"Ki, Kihen";カク;
727;索;10;1;"Ito, Itohen";サク;
983;渉;11;1;"Mizu, Sanzui, Shitamizu";ショウ;わた
216;殻;11;1;Rumata;カク、から;
472;系;7;1;"Ito, Itohen";ケイ;
728;策;12;1;"Take, Takekanmuri";サク;
1240;葬;12;1;Kusakanmuri;ソウ、ほうむ-る;
2008;窯;15;1;"Ana, Anakanmuri";ヨウ、かま;
217;郭;11;1;Oozato;カク;くるわ
473;径;8;1;Gyooninben;ケイ;みち
729;酢;12;1;"Tori, Torihen";サク、す;
2009;養;15;1;"Shoku, Shokuhen";ヨウ、やしな-う;
474;茎;8;1;Kusakanmuri;ケイ、くき;
730;搾;13;1;Tehen;サク、しぼ-る;
986;訟;11;1;"Gon, Gonben";ショウ;
1242;僧;13;1;"Hito, Ninben, Hitoyane";ソウ;
1498;刀;2;1;"Katana, Rittoo";トウ、かたな;ト
1754;腐;14;1;"Niku, Nikuzuki";フ、くさ-る、くさ-れる、くさ-らす;
2010;擁;16;1;Tehen;ヨウ;
731;錯;16;1;"Kane, Kanehen";サク;
1755;敷;15;1;Nobun;フ、し-く;
2011;謡;16;1;"Gon, Gonben";ヨウ、うたい、うた-う;
220;隔;13;1;Kozatohen;カク、へだ-てる、へだ-たる;
988;掌;12;1;Te;ショウ;たなごころ
221;閣;14;1;Mongamae;カク;
477;契;9;1;Dai;ケイ、ちぎ-る;
989;晶;12;1;"Nichi, Nichihen";ショウ;あき
1757;賦;15;1;"Kai, Kaihen";フ;
2013;抑;7;1;Tehen;ヨク、おさ-える;そもそも
1246;遭;14;1;Shinnyoo;ソウ、あ-う;
1758;譜;19;1;"Gon, Gonben";フ;
223;獲;16;1;"Inu, Kemonohen";カク、え-る;
991;焦;12;1;"Hi, Hihen, Renga";ショウ、こ-げる、こ-がす、こ-がれる、あせ-る;
1247;槽;15;1;"Ki, Kihen";ソウ;
1503;豆;7;1;Mame;トウ、[ズ]、まめ;
1759;侮;8;1;"Hito, Ninben, Hitoyane";ブ、あなど-る;
224;嚇;17;1;"Kuchi, Kuchihen";カク;
480;啓;11;1;"Kuchi, Kuchihen";ケイ;
992;硝;12;1;"Ishi, Ishihen";ショウ;
225;穫;18;1;"Nogi, Nogihen";カク;か
481;掲;11;1;Tehen;ケイ、かか-げる;
482;渓;11;1;"Mizu, Sanzui, Shitamizu";ケイ;ケ、たに
994;詔;12;1;"Gon, Gonben";ショウ、みことのり;
2018;翼;17;1;Hane;ヨク、つばさ;
227;岳;8;1;"Yama, Yamahen";ガク、たけ;
995;証;12;1;"Gon, Gonben";ショウ;あかし、あか
1251;霜;17;1;"Ame, Amekanmuri";ソウ、しも;
484;蛍;11;1;"Mushi, Mushihen";ケイ、ほたる;
740;撮;15;1;Tehen;サツ、と-る;つま
1252;騒;18;1;"Uma, Umahen";ソウ、さわ-ぐ;
2020;裸;13;1;"Koromo, Koromohen";ラ、はだか;
741;擦;17;1;Tehen;サツ、す-る、す-れる;こす
997;傷;13;1;"Hito, Ninben, Hitoyane";ショウ、きず、いた-む、いた-める;
1253;藻;19;1;Kusakanmuri;ソウ、も;
1765;伏;6;1;"Hito, Ninben, Hitoyane";フク、ふ-せる、ふ-す;
2021;羅;19;1;Amigashira;ラ;
998;奨;13;1;Dai;ショウ;すす
231;掛;11;1;Tehen;か-ける、か-かる、かかり;
1511;桃;10;1;"Ki, Kihen";トウ、もも;
2023;雷;13;1;"Ame, Amekanmuri";ライ、かみなり;
232;潟;15;1;"Mizu, Sanzui, Shitamizu";かた;
1000;詳;13;1;"Gon, Gonben";ショウ、くわ-しい;
1512;討;10;1;"Gon, Gonben";トウ、う-つ;
233;括;9;1;Tehen;カツ;くく
489;携;13;1;Tehen;ケイ、たずさ-える、たずさ-わる;
1001;彰;14;1;Sanzukuri;ショウ;あき
1513;透;10;1;Shinnyoo;トウ、す-く、す-かす、す-ける;とお
490;継;13;1;"Ito, Itohen";ケイ、つ-ぐ;ケ
1002;障;14;1;Kozatohen;ショウ、さわ-る;
235;喝;11;1;"Kuchi, Kuchihen";カツ;
747;桟;10;1;"Ki, Kihen";サン;さじき
1003;憧;15;1;"Kokoro, Risshinben, Shitagokoro";ショウ、あこが-れる;ドウ
1515;悼;11;1;"Kokoro, Risshinben, Shitagokoro";トウ、いた-む;
2027;酪;13;1;"Tori, Torihen";ラク;
236;渇;11;1;"Mizu, Sanzui, Shitamizu";カツ、かわ-く;
492;慶;15;1;"Kokoro, Risshinben, Shitagokoro";ケイ;よろこ
748;蚕;10;1;"Mushi, Mushihen";サン、かいこ;ごかい
1004;衝;15;1;Gyoogamae;ショウ;つ、づ
749;惨;11;1;"Kokoro, Risshinben, Shitagokoro";サン、ザン、みじ-め;
1261;即;7;1;"Fushizukuri, Warifu";ソク;すなわ、つ
1517;陶;11;1;Kozatohen;トウ;すえ
1773;覆;18;1;Nishi;フク、おお-う、くつがえ-す、くつがえ-る;フ
1006;償;17;1;"Hito, Ninben, Hitoyane";ショウ、つぐな-う;
239;滑;13;1;"Mizu, Sanzui, Shitamizu";カツ、コツ、すべ-る、なめ-らか;
495;憩;16;1;"Kokoro, Risshinben, Shitagokoro";ケイ、いこ-い、いこ-う;
751;傘;12;1;"Hito, Ninben, Hitoyane";サン、かさ;
1007;礁;17;1;"Ishi, Ishihen";ショウ;
1519;搭;12;1;Tehen;トウ;
2031;覧;17;1;Miru;ラン;
240;褐;13;1;"Koromo, Koromohen";カツ;
1008;鐘;20;1;"Kane, Kanehen";ショウ、かね;シュ
1264;促;9;1;"Hito, Ninben, Hitoyane";ソク、うなが-す;
1520;棟;12;1;"Ki, Kihen";トウ、むね、[むな];
2032;濫;18;1;"Mizu, Sanzui, Shitamizu";ラン;
241;轄;17;1;"Kuruma, Kurumahen";カツ;
497;鶏;19;1;Tori;ケイ、にわとり;どり
2033;藍;18;1;Kusakanmuri;ラン、あい;
242;且;5;1;Ichi;か-つ;
754;酸;14;1;"Tori, Torihen";サン、す-い;
1522;痘;12;1;Yamaidare;トウ;
2034;欄;20;1;"Ki, Kihen";ラン;
243;株;10;1;"Ki, Kihen";かぶ;シュ
1011;冗;4;1;Wakanmuri;ジョウ;
1779;紛;10;1;"Ito, Itohen";フン、まぎ-れる、まぎ-らす、まぎ-らわす、まぎ-らわしい;まが
2035;吏;6;1;"Kuchi, Kuchihen";リ;
500;鯨;19;1;"Uo, Uohen";ゲイ、くじら;
1780;雰;12;1;"Ame, Amekanmuri";フン;きり
245;鎌;18;1;"Kane, Kanehen";かま;
1781;噴;15;1;"Kuchi, Kuchihen";フン、ふ-く;
246;刈;4;1;"Katana, Rittoo";か-る;
758;暫;15;1;"Nichi, Nichihen";ザン;しばら
1782;墳;15;1;"Tsuchi, Tsuchihen";フン;
503;撃;15;1;Te;ゲキ、う-つ;
759;士;3;1;Samurai;シ;
1271;俗;9;1;"Hito, Ninben, Hitoyane";ゾク;
1527;統;12;1;"Ito, Itohen";トウ、す-べる;
1783;憤;15;1;"Kokoro, Risshinben, Shitagokoro";フン、いきどお-る;
2039;痢;12;1;Yamaidare;リ;
504;激;16;1;"Mizu, Sanzui, Shitamizu";ゲキ、はげ-しい;
1016;浄;9;1;"Mizu, Sanzui, Shitamizu";ジョウ;きよ
1528;稲;14;1;"Nogi, Nogihen";トウ、いね、[いな];
1784;奮;16;1;Dai;フン、ふる-う;
1017;剰;11;1;"Katana, Rittoo";ジョウ;あま
1273;属;12;1;Shikabane;ゾク;ショク、つ
1529;踏;15;1;"Ashi, Ashihen";トウ、ふ-む、ふ-まえる;
2041;履;15;1;Shikabane;リ、は-く;くつ
1274;賊;13;1;"Kai, Kaihen";ゾク;
1530;糖;16;1;"Kome, Komehen";トウ;
2042;璃;15;1;"Tama, Oo";リ;
251;缶;6;1;Hotogi;カン;
507;穴;5;1;"Ana, Anakanmuri";ケツ、あな;
763;氏;4;1;Uji;シ、うじ;
2043;離;19;1;Furutori;リ、はな-れる、はな-す;
1532;謄;17;1;"Gon, Gonben";トウ;
1788;丙;5;1;Ichi;ヘイ;ひのえ
253;肝;7;1;"Niku, Nikuzuki";カン、きも;
1277;率;11;1;Gen;ソツ、リツ、ひき-いる;
1533;藤;18;1;Kusakanmuri;トウ、ふじ;
510;結;12;1;"Ito, Itohen";ケツ、むす-ぶ、ゆ-う、ゆ-わえる;ケチ
1534;闘;18;1;Mongamae;トウ、たたか-う;
255;冠;9;1;Wakanmuri;カン、かんむり;
511;傑;13;1;"Hito, Ninben, Hitoyane";ケツ;
1023;縄;15;1;"Ito, Itohen";ジョウ、なわ;
1535;騰;20;1;"Uma, Umahen";トウ;あ
1791;併;8;1;"Hito, Ninben, Hitoyane";ヘイ、あわ-せる;しか
3;挨;10;0;Tehen;アイ;
1283;遜;14;0;Shinnyoo;ソン;へりくだ
5;曖;17;0;"Nichi, Nichihen";アイ;
1030;拭;9;0;Tehen;ショク、ふ-く、ぬぐ-う;
1799;蔽;15;0;Kusakanmuri;ヘイ;おお
1800;餅;15;0;"Shoku, Shokuhen";ヘイ、もち;
2056;侶;9;0;"Hito, Ninben, Hitoyane";リョ;
1289;唾;11;0;"Kuchi, Kuchihen";ダ、つば;
10;宛;8;0;Ukanmuri;あ-てる;エン
1803;璧;18;0;"Tama, Oo";ヘキ;
1806;蔑;14;0;Kusakanmuri;ベツ、さげす-む;
1040;尻;5;0;Shikabane;しり;
789;恣;10;0;"Kokoro, Risshinben, Shitagokoro";シ;ほしいまま
1045;芯;7;0;Kusakanmuri;シン;
1557;栃;9;0;"Ki, Kihen";[とち];
1303;堆;11;0;"Tsuchi, Tsuchihen";タイ;ツイ、うずたか
24;畏;9;0;"Ta, Tahen";イ、おそ-れる;かしこ
1563;頓;13;0;Oogai;トン;とみ
1819;哺;10;0;"Kuchi, Kuchihen";ホ;
540;鍵;17;0;"Kane, Kanehen";ケン、かぎ;
1564;貪;11;0;"Kai, Kaihen";ドン、むさぼ-る;
29;萎;11;0;Kusakanmuri;イ、な-える;しぼ、しお
31;椅;12;0;"Ki, Kihen";イ;
1311;戴;17;0;"Hokogamae, Hokozukuri";タイ;いただ
1567;丼;5;0;Ten;どんぶり、[どん];
32;彙;13;0;Keigashira;イ;
289;韓;18;0;Nameshigawa;カン;から
803;摯;15;0;Tehen;シ;
1572;謎;17;0;"Gon, Gonben";なぞ;
1573;鍋;17;0;"Kane, Kanehen";なべ;
296;玩;8;0;"Tama, Oo";ガン;
553;舷;11;0;"Fune, Funehen";ゲン;ふなばた
44;茨;9;0;Kusakanmuri;[いばら];
1580;匂;4;0;Tsutsumigamae;にお-う;
49;咽;9;0;"Kuchi, Kuchihen";イン;のど、むせ
562;股;8;0;"Niku, Nikuzuki";コ、また;もも
1332;誰;15;0;"Gon, Gonben";だれ;スイ
53;淫;11;0;"Mizu, Sanzui, Shitamizu";イン、みだ-ら;
1078;腎;13;0;"Niku, Nikuzuki";ジン;
823;餌;15;0;"Shoku, Shokuhen";ジ、えさ、え;
1847;蜂;13;0;"Mushi, Mushihen";ホウ、はち;
824;璽;19;0;"Tama, Oo";ジ;
1595;捻;11;0;Tehen;ネン;ひね
574;錮;16;0;"Kane, Kanehen";コ;
830;叱;5;0;"Kuchi, Kuchihen";シツ、しか-る;
63;鬱;29;0;"Cho, Nioizake";ウツ;ふさ
1855;坊;7;0;"Tsuchi, Tsuchihen";ボウ、[ボッ];
1344;綻;14;0;"Ito, Itohen";タン、ほころ-びる;
2112;賂;13;0;"Kai, Kaihen";ロ;まいな
836;嫉;13;0;"Onna, Onnahen";シツ;
2117;弄;7;0;"Komanuki, Nijuuashi";ロウ、もてあそ-ぶ;
1611;罵;15;0;Amigashira;バ、ののし-る;
332;毀;13;0;Rumata;キ;
1100;裾;13;0;"Koromo, Koromohen";すそ;
2124;籠;22;0;"Take, Takekanmuri";ロウ、かご、こ-もる;
590;勾;4;0;Tsutsumigamae;コウ;ま
1870;貌;14;0;"Mujina, Mujinahen";ボウ;かたち
335;畿;15;0;"Ta, Tahen";キ;
2127;麓;19;0;Shika;ロク、ふもと;
1874;頬;16;0;Oogai;ほお;キョウ、ほほ
2132;脇;10;0;"Niku, Nikuzuki";わき;キョウ
1365;緻;16;0;"Ito, Itohen";チ;
91;怨;9;0;"Kokoro, Risshinben, Shitagokoro";エン、オン;うら
1884;勃;9;0;Chikara;ボツ;
1121;凄;10;0;Nisui;セイ;すさ、すご
1635;剥;10;0;"Katana, Rittoo";ハク、は-がす、は-ぐ、は-がれる、は-げる;む
873;腫;13;0;"Niku, Nikuzuki";シュ、は-れる、は-らす;
1898;昧;9;0;"Nichi, Nichihen";マイ;
1387;酎;10;0;"Tori, Torihen";チュウ;
876;寿;7;0;Sun;ジュ、ことぶき;ことほ、とし
1644;箸;15;0;"Take, Takekanmuri";はし;
1645;畑;9;0;"Ta, Tahen";はた、はたけ;
878;呪;8;0;"Kuchi, Kuchihen";ジュ、のろ-う;まじな
1902;枕;8;0;"Ki, Kihen";まくら;チン
368;臼;6;0;Usu;キュウ、うす;
1136;醒;16;0;"Tori, Torihen";セイ;さ、ざ
631;梗;11;0;"Ki, Kihen";コウ;
633;喉;12;0;"Kuchi, Kuchihen";コウ、のど;
1145;脊;10;0;"Niku, Nikuzuki";セキ;せ
1657;氾;5;0;"Mizu, Sanzui, Shitamizu";ハン;
122;臆;17;0;"Niku, Nikuzuki";オク;
634;慌;12;0;"Kokoro, Risshinben, Shitagokoro";コウ、あわ-てる、あわ-ただしい;
379;嗅;13;0;"Kuchi, Kuchihen";キュウ、か-ぐ;
1915;蜜;14;0;"Mushi, Mushihen";ミツ;
1148;戚;11;0;"Hokogamae, Hokozukuri";セキ;
1660;汎;6;0;"Mizu, Sanzui, Shitamizu";ハン;
125;俺;10;0;"Hito, Ninben, Hitoyane";おれ;
894;袖;10;0;"Koromo, Koromohen";シュウ、そで;
1407;貼;12;0;"Kai, Kaihen";チョウ、は-る;
896;羞;11;0;Hitsuji;シュウ;はじ
1412;嘲;15;0;"Kuchi, Kuchihen";チョウ、あざけ-る;
1671;斑;12;0;Bun;ハン;まだら、ふ
905;蹴;19;0;"Ashi, Ashihen";シュウ、け-る;
650;乞;3;0;"Otsu, Otsunyoo";こ-う;
1930;冥;10;0;Wakanmuri;メイ、ミョウ;
1420;捗;10;0;Tehen;チョク;はかど
143;苛;8;0;Kusakanmuri;カ;
655;傲;13;0;"Hito, Ninben, Hitoyane";ゴウ;おご
1938;麺;16;0;Mugi;メン;
1435;爪;4;0;Tsumekanmuri;つめ、[つま];が
669;頃;11;0;Oogai;ころ;ケイ
1182;煎;13;0;"Hi, Hihen, Renga";セン、い-る;
1183;羨;13;0;Hitsuji;セン、うらや-む、うらや-ましい;
1184;腺;13;0;"Niku, Nikuzuki";セン;
1185;詮;13;0;"Gon, Gonben";セン;
1187;箋;14;0;Kusakanmuri;セン;
164;牙;4;0;"Kiba, Kibahen";ガ、[ゲ]、きば;
165;瓦;5;0;Kawara;ガ、かわら;
677;痕;11;0;Yamaidare;コン、あと;
1962;闇;17;0;Mongamae;やみ;
428;巾;3;0;"Haba, Kinben";キン;はば
1709;膝;15;0;"Niku, Nikuzuki";ひざ;シツ、シッ
1965;喩;12;0;"Kuchi, Kuchihen";ユ;たと
1710;肘;7;0;"Niku, Nikuzuki";ひじ;チュウ
1202;膳;16;0;"Niku, Nikuzuki";ゼン;
1458;諦;16;0;"Gon, Gonben";テイ、あきら-める;タイ
692;挫;10;0;Tehen;ザ;くじ
437;僅;13;0;"Hito, Ninben, Hitoyane";キン、わず-か;
1466;溺;13;0;"Mizu, Sanzui, Shitamizu";デキ、おぼ-れる;
190;楷;13;0;"Ki, Kihen";カイ;
1215;遡;14;0;Shinnyoo;ソ、さかのぼ-る;
192;潰;15;0;"Mizu, Sanzui, Shitamizu";カイ、つぶ-す、つぶ-れる;つい
450;惧;11;0;"Kokoro, Risshinben, Shitagokoro";グ;
195;諧;16;0;"Gon, Gonben";カイ;
1479;填;13;0;"Tsuchi, Tsuchihen";テン;
200;崖;11;0;"Yama, Yamahen";ガイ、がけ;
456;串;7;0;"Bou, Tatebou";くし;
712;塞;13;0;"Tsuchi, Tsuchihen";サイ、ソク、ふさ-ぐ、ふさ-がる;
1994;妖;7;0;"Onna, Onnahen";ヨウ、あや-しい;
459;窟;13;0;"Ana, Anakanmuri";クツ;
204;蓋;13;0;Kusakanmuri;ガイ、ふた;かさ
716;埼;11;0;"Tsuchi, Tsuchihen";[さい];さき、ざき
1486;妬;8;0;"Onna, Onnahen";ト、ねた-む;
207;骸;16;0;"Hone, Honehen";ガイ;むくろ
1744;阜;8;0;Kozatohen;[フ];おか
209;柿;9;0;"Ki, Kihen";かき;シ
1234;曽;11;0;Hirabi;ソウ、[ゾ];ソ
1746;訃;9;0;"Gon, Gonben";フ;
1492;賭;16;0;"Kai, Kaihen";ト、か-ける;
726;柵;9;0;"Ki, Kihen";サク;しがらみ
2006;瘍;14;0;Yamaidare;ヨウ;
1239;痩;12;0;Yamaidare;ソウ、や-せる;
2014;沃;7;0;"Mizu, Sanzui, Shitamizu";ヨク;
736;刹;8;0;"Katana, Rittoo";サツ、セツ;
1248;踪;15;0;"Ashi, Ashihen";ソウ;
737;拶;9;0;Tehen;サツ;
993;粧;12;0;"Kome, Komehen";ショウ;よそお
2019;拉;8;0;Tehen;ラ;ひ
1509;唐;10;0;"Kuchi, Kuchihen";トウ、から;
230;顎;18;0;Oogai;ガク、あご;
491;詣;13;0;"Gon, Gonben";ケイ、もう-でる;
2028;辣;14;0;Karai;ラツ;
493;憬;15;0;"Kokoro, Risshinben, Shitagokoro";ケイ;
238;葛;12;0;Kusakanmuri;カツ、くず;つづら、かずら
494;稽;15;0;"Nogi, Nogihen";ケイ;
1010;丈;3;0;Ichi;ジョウ、たけ;
1267;捉;10;0;Tehen;ソク、とら-える;
244;釜;10;0;"Kane, Kanehen";かま;プ
501;隙;13;0;Kozatohen;ゲキ、すき;ひま
757;斬;11;0;"Kin, Onozukuri";ザン、き-る;
2037;里;7;0;"Sato, Satohen";リ、さと;
505;桁;10;0;"Ki, Kihen";けた;コウ
2047;慄;13;0;"Kokoro, Risshinben, Shitagokoro";リツ;
